brand,model,manufacture_date,mileage_v2,gearbox,price,list_time
Toyota,vios,2022,9000,MT,420000000.0,2023-08-22 13:03:18.000
Toyota,vios,2022,16000,AT,519000000.0,2023-08-23 09:46:04.275
Toyota,vios,2022,16000,AT,519000000.0,2023-08-23 09:46:04.275
Toyota,vios,2022,19000,AT,525000000.0,2023-08-24 04:44:17.207
Toyota,vios,2022,19600,AT,519000000.0,2023-08-26 16:42:00.526
Toyota,vios,2022,180,AT,480000000.0,2023-08-30 01:33:19.000
Toyota,vios,2022,180,AT,480000000.0,2023-08-30 01:33:19.000
Toyota,vios,2022,180,AT,480000000.0,2023-08-30 01:33:19.000
Toyota,vios,2022,180,AT,480000000.0,2023-08-30 01:33:19.000
Toyota,vios,2022,46000,AT,480000000.0,2023-08-31 07:22:18.529
Toyota,vios,2022,46000,AT,480000000.0,2023-08-31 07:22:18.529
Toyota,vios,2022,46000,AT,480000000.0,2023-08-31 07:22:18.529
Toyota,vios,2022,46000,AT,480000000.0,2023-08-31 07:22:18.529
Toyota,vios,2022,13500,AT,510000000.0,2023-09-01 01:17:19.000
Toyota,vios,2022,46000,AT,480000000.0,2023-09-01 06:50:00.279
Toyota,vios,2022,46000,AT,480000000.0,2023-09-01 06:50:00.279
Toyota,vios,2022,46000,AT,480000000.0,2023-09-01 06:50:00.279
Toyota,vios,2022,46000,AT,480000000.0,2023-09-01 06:50:00.279
Toyota,vios,2022,46000,AT,480000000.0,2023-09-01 06:50:00.279
Toyota,vios,2022,17000,AT,509000000.0,2023-09-01 10:04:32.000
Toyota,vios,2022,17000,AT,509000000.0,2023-09-01 10:04:32.000
Toyota,vios,2022,17000,AT,470000000.0,2023-09-03 18:23:34.000
Toyota,vios,2022,17000,AT,470000000.0,2023-09-03 18:23:34.000
Toyota,vios,2022,14000,AT,510000000.0,2023-09-05 02:43:54.000
Toyota,vios,2022,14000,AT,510000000.0,2023-09-05 02:43:54.000
Toyota,vios,2022,9100,MT,440000000.0,2023-09-05 06:30:28.000
Toyota,vios,2022,9100,MT,440000000.0,2023-09-05 06:30:28.000
Toyota,vios,2022,9100,MT,440000000.0,2023-09-05 06:30:28.000
Toyota,vios,2022,9100,MT,440000000.0,2023-09-05 06:30:28.000
Toyota,vios,2022,9100,MT,440000000.0,2023-09-05 06:30:28.000
Toyota,vios,2022,9100,MT,440000000.0,2023-09-05 06:30:28.000
Toyota,vios,2022,9100,MT,440000000.0,2023-09-05 06:30:28.000
Toyota,vios,2022,9100,MT,440000000.0,2023-09-05 06:30:28.000
Toyota,vios,2022,9100,MT,440000000.0,2023-09-05 06:30:28.000
Toyota,vios,2022,9100,MT,440000000.0,2023-09-05 06:30:28.000
Toyota,vios,2022,9100,MT,440000000.0,2023-09-05 06:30:28.000
Toyota,vios,2022,9100,MT,440000000.0,2023-09-05 06:30:28.000
Toyota,vios,2022,22000,AT,448000000.0,2023-09-05 08:39:24.027
Toyota,vios,2022,22000,AT,448000000.0,2023-09-05 08:39:24.027
Toyota,vios,2022,22000,AT,448000000.0,2023-09-05 08:39:24.027
Toyota,vios,2022,22000,AT,448000000.0,2023-09-05 08:39:24.027
Toyota,vios,2022,22000,AT,448000000.0,2023-09-05 08:39:24.027
Toyota,vios,2022,17000,AT,509000000.0,2023-09-05 10:30:12.618
Toyota,vios,2022,17000,AT,509000000.0,2023-09-05 10:30:12.618
Toyota,vios,2022,14000,AT,519000000.0,2023-09-06 07:13:32.000
Toyota,vios,2022,14000,AT,519000000.0,2023-09-06 07:13:32.000
Toyota,vios,2022,14000,AT,519000000.0,2023-09-06 07:13:32.000
Toyota,vios,2022,14000,AT,519000000.0,2023-09-06 07:13:32.000
Toyota,vios,2022,14000,AT,519000000.0,2023-09-06 07:13:32.000
Toyota,vios,2022,14000,AT,519000000.0,2023-09-06 07:13:32.000
Toyota,vios,2022,14000,AT,519000000.0,2023-09-06 07:13:32.000
Toyota,vios,2022,14000,AT,519000000.0,2023-09-06 07:13:32.000
Toyota,vios,2022,14000,AT,519000000.0,2023-09-06 07:13:32.000
Toyota,vios,2022,14000,AT,519000000.0,2023-09-06 07:13:32.000
Toyota,vios,2022,14000,AT,519000000.0,2023-09-06 07:13:32.000
Toyota,vios,2022,14000,AT,519000000.0,2023-09-06 07:13:32.000
Toyota,vios,2022,13000,AT,508000000.0,2023-09-06 18:24:05.000
Toyota,vios,2022,13000,AT,508000000.0,2023-09-06 18:24:05.000
Toyota,vios,2022,13000,AT,508000000.0,2023-09-06 18:24:05.000
Toyota,vios,2022,13000,AT,508000000.0,2023-09-06 18:24:05.000
Toyota,vios,2022,13000,AT,508000000.0,2023-09-06 18:24:05.000
Toyota,vios,2022,13000,AT,508000000.0,2023-09-06 18:24:05.000
Toyota,vios,2022,13000,AT,508000000.0,2023-09-06 18:24:05.000
Toyota,vios,2022,13000,AT,508000000.0,2023-09-06 18:24:05.000
Toyota,vios,2022,13000,AT,508000000.0,2023-09-06 18:24:05.000
Toyota,vios,2022,13000,AT,508000000.0,2023-09-06 18:24:05.000
Toyota,vios,2022,13000,AT,508000000.0,2023-09-06 18:24:05.000
Toyota,vios,2022,13000,AT,508000000.0,2023-09-06 18:24:05.000
Toyota,vios,2022,13000,AT,508000000.0,2023-09-06 18:24:05.000
Toyota,vios,2022,13000,AT,508000000.0,2023-09-06 18:24:05.000
Toyota,vios,2022,22000,AT,519000000.0,2023-09-06 18:50:27.082
Toyota,vios,2022,22000,AT,519000000.0,2023-09-06 18:50:27.082
Toyota,vios,2022,22000,AT,519000000.0,2023-09-06 18:50:27.082
Toyota,vios,2022,22000,AT,519000000.0,2023-09-06 18:50:27.082
Toyota,vios,2022,22000,AT,519000000.0,2023-09-06 18:50:27.082
Toyota,vios,2022,22000,AT,519000000.0,2023-09-06 18:50:27.082
Toyota,vios,2022,22000,AT,519000000.0,2023-09-06 18:50:27.082
Toyota,vios,2022,22000,AT,519000000.0,2023-09-06 18:50:27.082
Toyota,vios,2022,22000,AT,519000000.0,2023-09-06 18:50:27.082
Toyota,vios,2022,22000,AT,519000000.0,2023-09-06 18:50:27.082
Toyota,vios,2022,22000,AT,519000000.0,2023-09-06 18:50:27.082
Toyota,vios,2022,22000,AT,519000000.0,2023-09-06 18:50:27.082
Toyota,vios,2022,22000,AT,519000000.0,2023-09-06 18:50:27.082
Toyota,vios,2022,22000,AT,519000000.0,2023-09-06 18:50:27.082
Toyota,vios,2022,15300,AT,519000000.0,2023-09-06 21:35:26.847
Toyota,vios,2022,15300,AT,519000000.0,2023-09-06 21:35:26.847
Toyota,vios,2022,15300,AT,519000000.0,2023-09-06 21:35:26.847
Toyota,vios,2022,15300,AT,519000000.0,2023-09-06 21:35:26.847
Toyota,vios,2022,15300,AT,519000000.0,2023-09-06 21:35:26.847
Toyota,vios,2022,15300,AT,519000000.0,2023-09-06 21:35:26.847
Toyota,vios,2022,15300,AT,519000000.0,2023-09-06 21:35:26.847
Toyota,vios,2022,17000,AT,519000000.0,2023-09-06 22:05:27.576
Toyota,vios,2022,17000,AT,519000000.0,2023-09-06 22:05:27.576
Toyota,vios,2022,17000,AT,519000000.0,2023-09-06 22:05:27.576
Toyota,vios,2022,17000,AT,519000000.0,2023-09-06 22:05:27.576
Toyota,vios,2022,17000,AT,519000000.0,2023-09-06 22:05:27.576
Toyota,vios,2022,17000,AT,519000000.0,2023-09-06 22:05:27.576
Toyota,vios,2022,17000,AT,519000000.0,2023-09-06 22:05:27.576
Toyota,vios,2022,17000,AT,510000000.0,2023-09-07 01:47:17.000
Toyota,vios,2022,17000,AT,510000000.0,2023-09-07 01:47:17.000
Toyota,vios,2022,17000,AT,510000000.0,2023-09-07 01:47:17.000
Toyota,vios,2022,17000,AT,510000000.0,2023-09-07 01:47:17.000
Toyota,vios,2022,17000,AT,510000000.0,2023-09-07 01:47:17.000
Toyota,vios,2022,17000,AT,510000000.0,2023-09-07 01:47:17.000
Toyota,vios,2022,17000,AT,510000000.0,2023-09-07 01:47:17.000
Toyota,vios,2022,17000,AT,510000000.0,2023-09-07 01:47:17.000
Toyota,vios,2022,17000,AT,510000000.0,2023-09-07 01:47:17.000
Toyota,vios,2022,17000,AT,510000000.0,2023-09-07 01:47:17.000
Toyota,vios,2022,17000,AT,510000000.0,2023-09-07 01:47:17.000
Toyota,vios,2022,17000,AT,510000000.0,2023-09-07 01:47:17.000
Toyota,vios,2022,17000,AT,510000000.0,2023-09-07 01:47:17.000
Toyota,vios,2022,17000,AT,510000000.0,2023-09-07 01:47:17.000
Toyota,vios,2022,44999,AT,475000000.0,2023-09-07 05:35:25.198
Toyota,vios,2022,44999,AT,475000000.0,2023-09-07 05:35:25.198
Toyota,vios,2022,44999,AT,475000000.0,2023-09-07 05:35:25.198
Toyota,vios,2022,44999,AT,475000000.0,2023-09-07 05:35:25.198
Toyota,vios,2022,44999,AT,475000000.0,2023-09-07 05:35:25.198
Toyota,vios,2022,44999,AT,475000000.0,2023-09-07 05:35:25.198
Toyota,vios,2022,44999,AT,475000000.0,2023-09-07 05:35:25.198
Toyota,vios,2022,12500,AT,515000000.0,2023-09-08 02:15:45.955
Toyota,vios,2022,12500,AT,515000000.0,2023-09-08 02:15:45.955
Toyota,vios,2022,12500,AT,515000000.0,2023-09-08 02:15:45.955
Toyota,vios,2022,12500,AT,515000000.0,2023-09-08 02:15:45.955
Toyota,vios,2022,12500,AT,515000000.0,2023-09-08 02:15:45.955
Toyota,vios,2022,12500,AT,515000000.0,2023-09-08 02:15:45.955
Toyota,vios,2022,12500,AT,515000000.0,2023-09-08 02:15:45.955
Toyota,vios,2022,12500,AT,515000000.0,2023-09-08 02:15:45.955
Toyota,vios,2022,12500,AT,515000000.0,2023-09-08 02:15:45.955
Toyota,vios,2022,12500,AT,515000000.0,2023-09-08 02:15:45.955
Toyota,vios,2022,12500,AT,515000000.0,2023-09-08 02:15:45.955
Toyota,vios,2022,12500,AT,515000000.0,2023-09-08 02:15:45.955
Toyota,vios,2022,12500,AT,515000000.0,2023-09-08 02:15:45.955
Toyota,vios,2022,12500,AT,515000000.0,2023-09-08 02:15:45.955
Toyota,vios,2022,6000,AT,520000000.0,2023-09-09 02:14:51.317
Toyota,vios,2022,6000,AT,520000000.0,2023-09-09 02:14:51.317
Toyota,vios,2022,6000,AT,520000000.0,2023-09-09 02:14:51.317
Toyota,vios,2022,6000,AT,520000000.0,2023-09-09 02:14:51.317
Toyota,vios,2022,6000,AT,520000000.0,2023-09-09 02:14:51.317
Toyota,vios,2022,6000,AT,520000000.0,2023-09-09 02:14:51.317
Toyota,vios,2022,6000,AT,520000000.0,2023-09-09 02:14:51.317
Toyota,vios,2022,6000,AT,520000000.0,2023-09-09 02:14:51.317
Toyota,vios,2022,6000,AT,520000000.0,2023-09-09 02:14:51.317
Toyota,vios,2022,6000,AT,520000000.0,2023-09-09 02:14:51.317
Toyota,vios,2022,6000,AT,520000000.0,2023-09-09 02:14:51.317
Toyota,vios,2022,6000,AT,520000000.0,2023-09-09 02:14:51.317
Toyota,vios,2022,6000,AT,520000000.0,2023-09-09 02:14:51.317
Toyota,vios,2022,6000,AT,520000000.0,2023-09-09 02:14:51.317
Toyota,vios,2022,9000,AT,520000000.0,2023-09-09 15:05:01.834
Toyota,vios,2022,9000,AT,520000000.0,2023-09-09 15:05:01.834
Toyota,vios,2022,9000,AT,520000000.0,2023-09-09 15:05:01.834
Toyota,vios,2022,9000,AT,520000000.0,2023-09-09 15:05:01.834
Toyota,vios,2022,9000,AT,520000000.0,2023-09-09 15:05:01.834
Toyota,vios,2022,9000,AT,520000000.0,2023-09-09 15:05:01.834
Toyota,vios,2022,9000,AT,520000000.0,2023-09-09 15:05:01.834
Toyota,vios,2022,9000,AT,520000000.0,2023-09-09 15:05:01.834
Toyota,vios,2022,9000,AT,520000000.0,2023-09-09 15:05:01.834
Toyota,vios,2022,9000,AT,520000000.0,2023-09-09 15:05:01.834
Toyota,vios,2022,9000,AT,520000000.0,2023-09-09 15:05:01.834
Toyota,vios,2022,9000,AT,520000000.0,2023-09-09 15:05:01.834
Toyota,vios,2022,9000,AT,520000000.0,2023-09-09 15:05:01.834
Toyota,vios,2022,9000,AT,520000000.0,2023-09-09 15:05:01.834
Toyota,vios,2022,9000,AT,520000000.0,2023-09-09 15:05:01.834
Toyota,vios,2022,9000,AT,520000000.0,2023-09-09 15:05:01.834
Toyota,vios,2022,30000,MT,460000000.0,2023-09-10 04:04:54.933
Toyota,vios,2022,30000,MT,460000000.0,2023-09-10 04:04:54.933
Toyota,vios,2022,30000,MT,460000000.0,2023-09-10 04:04:54.933
Toyota,vios,2022,30000,MT,460000000.0,2023-09-10 04:04:54.933
Toyota,vios,2022,30000,MT,460000000.0,2023-09-10 04:04:54.933
Toyota,vios,2022,30000,MT,460000000.0,2023-09-10 04:04:54.933
Toyota,vios,2022,30000,MT,460000000.0,2023-09-10 04:04:54.933
Toyota,vios,2022,30000,MT,460000000.0,2023-09-10 04:04:54.933
Toyota,vios,2022,30000,MT,460000000.0,2023-09-10 04:04:54.933
Toyota,vios,2022,30000,MT,460000000.0,2023-09-10 04:04:54.933
Toyota,vios,2022,30000,MT,460000000.0,2023-09-10 04:04:54.933
Toyota,vios,2022,30000,MT,460000000.0,2023-09-10 04:04:54.933
Toyota,vios,2022,30000,MT,460000000.0,2023-09-10 04:04:54.933
Toyota,vios,2022,30000,MT,460000000.0,2023-09-10 04:04:54.933
Toyota,vios,2022,16000,AT,509000000.0,2023-09-12 06:37:46.652
Toyota,vios,2022,16000,AT,509000000.0,2023-09-12 06:37:46.652
Toyota,vios,2022,16000,AT,509000000.0,2023-09-12 06:37:46.652
Toyota,vios,2022,16000,AT,509000000.0,2023-09-12 06:37:46.652
Toyota,vios,2022,16000,AT,509000000.0,2023-09-12 06:37:46.652
Toyota,vios,2022,16000,AT,509000000.0,2023-09-12 06:37:46.652
Toyota,vios,2022,16000,AT,509000000.0,2023-09-12 06:37:46.652
Toyota,vios,2022,16000,AT,509000000.0,2023-09-12 06:37:46.652
Toyota,vios,2022,22222,MT,425000000.0,2023-09-12 08:10:22.342
Toyota,vios,2022,19000,AT,519000000.0,2023-09-12 15:38:46.753
Toyota,vios,2022,19000,AT,519000000.0,2023-09-12 15:38:46.753
Toyota,vios,2022,19000,AT,519000000.0,2023-09-12 15:38:46.753
Toyota,vios,2022,19000,AT,519000000.0,2023-09-12 15:38:46.753
Toyota,vios,2022,19000,AT,519000000.0,2023-09-12 15:38:46.753
Toyota,vios,2022,19000,AT,519000000.0,2023-09-12 15:38:46.753
Toyota,vios,2022,19000,AT,519000000.0,2023-09-12 15:38:46.753
Toyota,vios,2022,19000,AT,519000000.0,2023-09-12 15:38:46.753
Toyota,vios,2022,45000,AT,460000000.0,2023-09-13 01:23:55.000
Toyota,vios,2022,45000,AT,460000000.0,2023-09-13 01:23:55.000
Toyota,vios,2022,45000,AT,460000000.0,2023-09-13 01:23:55.000
Toyota,vios,2022,45000,AT,460000000.0,2023-09-13 01:23:55.000
Toyota,vios,2022,45000,AT,460000000.0,2023-09-13 01:23:55.000
Toyota,vios,2022,45000,AT,460000000.0,2023-09-13 01:23:55.000
Toyota,vios,2022,45000,AT,460000000.0,2023-09-13 01:23:55.000
Toyota,vios,2022,45000,AT,460000000.0,2023-09-13 01:23:55.000
Toyota,vios,2022,15000,AT,509000000.0,2023-09-13 03:17:11.000
Toyota,vios,2022,15000,AT,509000000.0,2023-09-13 03:17:11.000
Toyota,vios,2022,15000,AT,509000000.0,2023-09-13 03:17:11.000
Toyota,vios,2022,15000,AT,509000000.0,2023-09-13 03:17:11.000
Toyota,vios,2022,15000,AT,509000000.0,2023-09-13 03:17:11.000
Toyota,vios,2022,15000,AT,509000000.0,2023-09-13 03:17:11.000
Toyota,vios,2022,15000,AT,509000000.0,2023-09-13 03:17:11.000
Toyota,vios,2022,15000,AT,509000000.0,2023-09-13 03:17:11.000
Toyota,vios,2022,9000,AT,520000000.0,2023-09-13 04:04:11.143
Toyota,vios,2022,9000,AT,520000000.0,2023-09-13 04:04:11.143
Toyota,vios,2022,9000,AT,520000000.0,2023-09-13 04:04:11.143
Toyota,vios,2022,9000,AT,520000000.0,2023-09-13 04:04:11.143
Toyota,vios,2022,9000,AT,520000000.0,2023-09-13 04:04:11.143
Toyota,vios,2022,9000,AT,520000000.0,2023-09-13 04:04:11.143
Toyota,vios,2022,9000,AT,520000000.0,2023-09-13 04:04:11.143
Toyota,vios,2022,9000,AT,520000000.0,2023-09-13 04:04:11.143
Toyota,vios,2022,9000,AT,520000000.0,2023-09-13 04:04:11.143
Toyota,vios,2022,9000,AT,520000000.0,2023-09-13 04:04:11.143
Toyota,vios,2022,9000,AT,520000000.0,2023-09-13 04:04:11.143
Toyota,vios,2022,9000,AT,520000000.0,2023-09-13 04:04:11.143
Toyota,vios,2022,9000,AT,520000000.0,2023-09-13 04:04:11.143
Toyota,vios,2022,9000,AT,520000000.0,2023-09-13 04:04:11.143
Toyota,vios,2022,9000,AT,520000000.0,2023-09-13 04:04:11.143
Toyota,vios,2022,9000,AT,520000000.0,2023-09-13 04:04:11.143
Toyota,vios,2022,9000,AT,520000000.0,2023-09-13 05:04:11.669
Toyota,vios,2022,9000,AT,520000000.0,2023-09-13 05:04:11.669
Toyota,vios,2022,9000,AT,520000000.0,2023-09-13 05:04:11.669
Toyota,vios,2022,9000,AT,520000000.0,2023-09-13 05:04:11.669
Toyota,vios,2022,9000,AT,520000000.0,2023-09-13 05:04:11.669
Toyota,vios,2022,9000,AT,520000000.0,2023-09-13 05:04:11.669
Toyota,vios,2022,9000,AT,520000000.0,2023-09-13 05:04:11.669
Toyota,vios,2022,9000,AT,520000000.0,2023-09-13 05:04:11.669
Toyota,vios,2022,9000,AT,520000000.0,2023-09-13 05:04:11.669
Toyota,vios,2022,9000,AT,520000000.0,2023-09-13 05:04:11.669
Toyota,vios,2022,9000,AT,520000000.0,2023-09-13 05:04:11.669
Toyota,vios,2022,9000,AT,520000000.0,2023-09-13 05:04:11.669
Toyota,vios,2022,9000,AT,520000000.0,2023-09-13 05:04:11.669
Toyota,vios,2022,9000,AT,520000000.0,2023-09-13 05:04:11.669
Toyota,vios,2022,22000,AT,515000000.0,2023-09-13 13:50:58.226
Toyota,vios,2022,22000,AT,515000000.0,2023-09-13 13:50:58.226
Toyota,vios,2022,33835,MT,460000000.0,2023-09-14 01:51:27.008
Toyota,vios,2022,33835,MT,460000000.0,2023-09-14 01:51:27.008
Toyota,vios,2022,33835,MT,460000000.0,2023-09-14 01:51:27.008
Toyota,vios,2022,33835,MT,460000000.0,2023-09-14 01:51:27.008
Toyota,vios,2022,33835,MT,460000000.0,2023-09-14 01:51:27.008
Toyota,vios,2022,33835,MT,460000000.0,2023-09-14 01:51:27.008
Toyota,vios,2022,33835,MT,460000000.0,2023-09-14 01:51:27.008
Toyota,vios,2022,33835,MT,460000000.0,2023-09-14 01:51:27.008
Toyota,vios,2022,33835,MT,460000000.0,2023-09-14 01:51:27.008
Toyota,vios,2022,33835,MT,460000000.0,2023-09-14 01:51:27.008
Toyota,vios,2022,7500,AT,465000000.0,2023-09-14 12:45:08.000
Toyota,vios,2022,7500,AT,465000000.0,2023-09-14 12:45:08.000
Toyota,vios,2022,7500,AT,465000000.0,2023-09-14 12:45:08.000
Toyota,vios,2022,7500,AT,465000000.0,2023-09-14 12:45:08.000
Toyota,vios,2022,7500,AT,465000000.0,2023-09-14 12:45:08.000
Toyota,vios,2022,7500,AT,465000000.0,2023-09-14 12:45:08.000
Toyota,vios,2022,7500,AT,465000000.0,2023-09-14 12:45:08.000
Toyota,vios,2022,7500,AT,465000000.0,2023-09-14 12:45:08.000
Toyota,vios,2022,7500,AT,465000000.0,2023-09-14 12:45:08.000
Toyota,vios,2022,7500,AT,465000000.0,2023-09-14 12:45:08.000
Toyota,vios,2022,7500,AT,465000000.0,2023-09-14 12:45:08.000
Toyota,vios,2022,7500,AT,465000000.0,2023-09-14 12:45:08.000
Toyota,vios,2022,7500,AT,465000000.0,2023-09-14 12:45:08.000
Toyota,vios,2022,7500,AT,465000000.0,2023-09-14 12:45:08.000
Toyota,vios,2022,7500,AT,465000000.0,2023-09-14 12:45:08.000
Toyota,vios,2022,7500,AT,465000000.0,2023-09-14 12:45:08.000
Toyota,vios,2022,39000,AT,455000000.0,2023-09-14 14:08:21.146
Toyota,vios,2022,66860,AT,490000000.0,2023-09-15 00:44:51.000
Toyota,vios,2022,66860,AT,490000000.0,2023-09-15 00:44:51.000
Toyota,vios,2022,66860,AT,490000000.0,2023-09-15 00:44:51.000
Toyota,vios,2022,66860,AT,490000000.0,2023-09-15 00:44:51.000
Toyota,vios,2022,66860,AT,490000000.0,2023-09-15 00:44:51.000
Toyota,vios,2022,66860,AT,490000000.0,2023-09-15 00:44:51.000
Toyota,vios,2022,66860,AT,490000000.0,2023-09-15 00:44:51.000
Toyota,vios,2022,66860,AT,490000000.0,2023-09-15 00:44:51.000
Toyota,vios,2022,32000,AT,473000000.0,2023-09-15 06:38:20.467
Toyota,vios,2022,9000,AT,520000000.0,2023-09-16 02:56:59.424
Toyota,vios,2022,9000,AT,520000000.0,2023-09-16 02:56:59.424
Toyota,vios,2022,9000,AT,520000000.0,2023-09-16 02:56:59.424
Toyota,vios,2022,9000,AT,520000000.0,2023-09-16 02:56:59.424
Toyota,vios,2022,9000,AT,520000000.0,2023-09-16 02:56:59.424
Toyota,vios,2022,9000,AT,520000000.0,2023-09-16 02:56:59.424
Toyota,vios,2022,9000,AT,520000000.0,2023-09-16 02:56:59.424
Toyota,vios,2022,9000,AT,520000000.0,2023-09-16 02:56:59.424
Toyota,vios,2022,9000,AT,520000000.0,2023-09-16 02:56:59.424
Toyota,vios,2022,9000,AT,520000000.0,2023-09-16 02:56:59.424
Toyota,vios,2022,9000,AT,520000000.0,2023-09-16 02:56:59.424
Toyota,vios,2022,9000,AT,520000000.0,2023-09-16 02:56:59.424
Toyota,vios,2022,9000,AT,520000000.0,2023-09-16 02:56:59.424
Toyota,vios,2022,9000,AT,520000000.0,2023-09-16 02:56:59.424
Toyota,vios,2022,9000,AT,520000000.0,2023-09-16 02:56:59.424
Toyota,vios,2022,9000,AT,520000000.0,2023-09-16 02:56:59.424
Toyota,vios,2022,22000,AT,509000000.0,2023-09-16 12:47:56.566
Toyota,vios,2022,22000,AT,509000000.0,2023-09-16 12:47:56.566
Toyota,vios,2022,22000,AT,509000000.0,2023-09-16 12:47:56.566
Toyota,vios,2022,22000,AT,509000000.0,2023-09-16 12:47:56.566
Toyota,vios,2022,22000,AT,509000000.0,2023-09-16 12:47:56.566
Toyota,vios,2022,22000,AT,509000000.0,2023-09-16 12:47:56.566
Toyota,vios,2022,22000,AT,509000000.0,2023-09-16 12:47:56.566
Toyota,vios,2022,22000,AT,509000000.0,2023-09-16 12:47:56.566
Toyota,vios,2022,22000,AT,509000000.0,2023-09-16 12:47:56.566
Toyota,vios,2022,22000,AT,509000000.0,2023-09-16 12:47:56.566
Toyota,vios,2022,22000,AT,509000000.0,2023-09-16 12:47:56.566
Toyota,vios,2022,22000,AT,509000000.0,2023-09-16 12:47:56.566
Toyota,vios,2022,22000,AT,509000000.0,2023-09-16 12:47:56.566
Toyota,vios,2022,22000,AT,509000000.0,2023-09-16 12:47:56.566
Toyota,vios,2022,22000,AT,509000000.0,2023-09-16 12:47:56.566
Toyota,vios,2022,22000,AT,509000000.0,2023-09-16 12:47:56.566
Toyota,vios,2022,22000,AT,509000000.0,2023-09-16 12:47:56.566
Toyota,vios,2022,22000,AT,509000000.0,2023-09-16 12:47:56.566
Toyota,vios,2022,5200,AT,459000000.0,2023-09-18 00:14:19.000
Toyota,vios,2022,5200,AT,459000000.0,2023-09-18 00:14:19.000
Toyota,vios,2022,5200,AT,459000000.0,2023-09-18 00:14:19.000
Toyota,vios,2022,5200,AT,459000000.0,2023-09-18 00:14:19.000
Toyota,vios,2022,5200,AT,459000000.0,2023-09-18 00:14:19.000
Toyota,vios,2022,5200,AT,459000000.0,2023-09-18 00:14:19.000
Toyota,vios,2022,5200,AT,459000000.0,2023-09-18 00:14:19.000
Toyota,vios,2022,5200,AT,459000000.0,2023-09-18 00:14:19.000
Toyota,vios,2022,5200,AT,459000000.0,2023-09-18 00:14:19.000
Toyota,vios,2022,5200,AT,459000000.0,2023-09-18 00:14:19.000
Toyota,vios,2022,5200,AT,459000000.0,2023-09-18 00:14:19.000
Toyota,vios,2022,5200,AT,459000000.0,2023-09-18 00:14:19.000
Toyota,vios,2022,5200,AT,459000000.0,2023-09-18 00:14:19.000
Toyota,vios,2022,5200,AT,459000000.0,2023-09-18 00:14:19.000
Toyota,vios,2022,5200,AT,459000000.0,2023-09-18 00:14:19.000
Toyota,vios,2022,5200,AT,459000000.0,2023-09-18 00:14:19.000
Toyota,vios,2022,5200,AT,459000000.0,2023-09-18 00:14:19.000
Toyota,vios,2022,5200,AT,459000000.0,2023-09-18 00:14:19.000
Toyota,vios,2022,54000,AT,518000000.0,2023-09-18 01:52:21.816
Toyota,vios,2022,54000,AT,505000000.0,2023-09-18 01:52:21.816
Toyota,vios,2022,54000,AT,518000000.0,2023-09-18 01:52:21.816
Toyota,vios,2022,54000,AT,505000000.0,2023-09-18 01:52:21.816
Toyota,vios,2022,54000,AT,518000000.0,2023-09-18 01:52:21.816
Toyota,vios,2022,54000,AT,518000000.0,2023-09-18 01:52:21.816
Toyota,vios,2022,54000,AT,518000000.0,2023-09-18 01:52:21.816
Toyota,vios,2022,54000,AT,505000000.0,2023-09-18 01:52:21.816
Toyota,vios,2022,54000,AT,518000000.0,2023-09-18 01:52:21.816
Toyota,vios,2022,54000,AT,505000000.0,2023-09-18 01:52:21.816
Toyota,vios,2022,25000,MT,439000000.0,2023-09-18 07:15:45.422
Toyota,vios,2022,25000,MT,439000000.0,2023-09-18 07:15:45.422
Toyota,vios,2022,31000,MT,445000000.0,2023-09-18 15:09:06.070
Toyota,vios,2022,31000,MT,445000000.0,2023-09-18 15:09:06.070
Toyota,vios,2022,31000,MT,445000000.0,2023-09-18 15:09:06.070
Toyota,vios,2022,31000,MT,445000000.0,2023-09-18 15:09:06.070
Toyota,vios,2022,33000,MT,425000000.0,2023-09-19 00:37:04.000
Toyota,vios,2022,33000,MT,425000000.0,2023-09-19 00:37:04.000
Toyota,vios,2022,33000,MT,425000000.0,2023-09-19 00:37:04.000
Toyota,vios,2022,33000,MT,425000000.0,2023-09-19 00:37:04.000
Toyota,vios,2022,33000,MT,425000000.0,2023-09-19 00:37:04.000
Toyota,vios,2022,33000,MT,425000000.0,2023-09-19 00:37:04.000
Toyota,vios,2022,33000,MT,425000000.0,2023-09-19 00:37:04.000
Toyota,vios,2022,33000,MT,425000000.0,2023-09-19 00:37:04.000
Toyota,vios,2022,33000,MT,425000000.0,2023-09-19 00:37:04.000
Toyota,vios,2022,33000,MT,425000000.0,2023-09-19 00:37:04.000
Toyota,vios,2022,15000,MT,415000000.0,2023-09-19 03:08:28.431
Toyota,vios,2022,15000,MT,415000000.0,2023-09-19 03:08:28.431
Toyota,vios,2022,15000,MT,415000000.0,2023-09-19 03:08:28.431
Toyota,vios,2022,15000,MT,415000000.0,2023-09-19 03:08:28.431
Toyota,vios,2022,7500,AT,465000000.0,2023-09-19 05:55:26.346
Toyota,vios,2022,7500,AT,465000000.0,2023-09-19 05:55:26.346
Toyota,vios,2022,5000,AT,500000000.0,2023-09-19 12:45:03.000
Toyota,vios,2022,5000,AT,500000000.0,2023-09-19 12:45:03.000
Toyota,vios,2022,5000,AT,500000000.0,2023-09-19 12:45:03.000
Toyota,vios,2022,5000,AT,500000000.0,2023-09-19 12:45:03.000
Toyota,vios,2022,5000,AT,500000000.0,2023-09-19 12:45:03.000
Toyota,vios,2022,5000,AT,500000000.0,2023-09-19 12:45:03.000
Toyota,vios,2022,5000,AT,500000000.0,2023-09-19 12:45:03.000
Toyota,vios,2022,5000,AT,500000000.0,2023-09-19 12:45:03.000
Toyota,vios,2022,5000,AT,500000000.0,2023-09-19 12:45:03.000
Toyota,vios,2022,5000,AT,500000000.0,2023-09-19 12:45:03.000
Toyota,vios,2022,21000,AT,499000000.0,2023-09-20 04:09:32.489
Toyota,vios,2022,21000,AT,499000000.0,2023-09-20 04:09:32.489
Toyota,vios,2022,35000,AT,460000000.0,2023-09-20 06:50:38.000
Toyota,vios,2022,35000,AT,460000000.0,2023-09-20 06:50:38.000
Toyota,vios,2022,35000,AT,460000000.0,2023-09-20 06:50:38.000
Toyota,vios,2022,35000,AT,460000000.0,2023-09-20 06:50:38.000
Toyota,vios,2022,35000,AT,460000000.0,2023-09-20 06:50:38.000
Toyota,vios,2022,35000,AT,460000000.0,2023-09-20 06:50:38.000
Toyota,vios,2022,35000,AT,460000000.0,2023-09-20 06:50:38.000
Toyota,vios,2022,35000,AT,460000000.0,2023-09-20 06:50:38.000
Toyota,vios,2022,30000,AT,519000000.0,2023-09-20 10:57:00.000
Toyota,vios,2022,30000,AT,519000000.0,2023-09-20 10:57:00.000
Toyota,vios,2022,30000,AT,519000000.0,2023-09-20 10:57:00.000
Toyota,vios,2022,30000,AT,519000000.0,2023-09-20 10:57:00.000
Toyota,vios,2022,30000,AT,519000000.0,2023-09-20 10:57:00.000
Toyota,vios,2022,30000,AT,519000000.0,2023-09-20 10:57:00.000
Toyota,vios,2022,30000,AT,519000000.0,2023-09-20 10:57:00.000
Toyota,vios,2022,30000,AT,519000000.0,2023-09-20 10:57:00.000
Toyota,vios,2022,30000,AT,519000000.0,2023-09-20 10:57:00.000
Toyota,vios,2022,30000,AT,519000000.0,2023-09-20 10:57:00.000
Toyota,vios,2022,30000,AT,519000000.0,2023-09-20 10:57:00.000
Toyota,vios,2022,30000,AT,519000000.0,2023-09-20 10:57:00.000
Toyota,vios,2022,30000,AT,519000000.0,2023-09-20 10:57:00.000
Toyota,vios,2022,30000,AT,519000000.0,2023-09-20 10:57:00.000
Toyota,vios,2022,30000,AT,519000000.0,2023-09-20 10:57:00.000
Toyota,vios,2022,30000,AT,519000000.0,2023-09-20 10:57:00.000
Toyota,vios,2022,30000,AT,519000000.0,2023-09-20 10:57:00.000
Toyota,vios,2022,30000,AT,519000000.0,2023-09-20 10:57:00.000
Toyota,vios,2022,30000,AT,519000000.0,2023-09-20 10:57:00.000
Toyota,vios,2022,30000,AT,519000000.0,2023-09-20 10:57:00.000
Toyota,vios,2022,30600,AT,480000000.0,2023-09-21 02:26:30.857
Toyota,vios,2022,30600,AT,480000000.0,2023-09-21 02:26:30.857
Toyota,vios,2022,30600,AT,480000000.0,2023-09-21 02:26:30.857
Toyota,vios,2022,30600,AT,480000000.0,2023-09-21 02:26:30.857
Toyota,vios,2022,30600,AT,480000000.0,2023-09-21 02:26:30.857
Toyota,vios,2022,30600,AT,480000000.0,2023-09-21 02:26:30.857
Toyota,vios,2022,30600,AT,480000000.0,2023-09-21 02:26:30.857
Toyota,vios,2022,30600,AT,480000000.0,2023-09-21 02:26:30.857
Toyota,vios,2022,30600,AT,480000000.0,2023-09-21 02:26:30.857
Toyota,vios,2022,30600,AT,480000000.0,2023-09-21 02:26:30.857
Toyota,vios,2022,30600,AT,480000000.0,2023-09-21 02:26:30.857
Toyota,vios,2022,30600,AT,480000000.0,2023-09-21 02:26:30.857
Toyota,vios,2022,30600,AT,480000000.0,2023-09-21 02:26:30.857
Toyota,vios,2022,30600,AT,480000000.0,2023-09-21 02:26:30.857
Toyota,vios,2022,35000,AT,460000000.0,2023-09-21 02:46:30.000
Toyota,vios,2022,35000,AT,460000000.0,2023-09-21 02:46:30.000
Toyota,vios,2022,35000,AT,460000000.0,2023-09-21 02:46:30.000
Toyota,vios,2022,35000,AT,460000000.0,2023-09-21 02:46:30.000
Toyota,vios,2022,35000,AT,460000000.0,2023-09-21 02:46:30.000
Toyota,vios,2022,35000,AT,460000000.0,2023-09-21 02:46:30.000
Toyota,vios,2022,35000,AT,460000000.0,2023-09-21 02:46:30.000
Toyota,vios,2022,35000,AT,460000000.0,2023-09-21 02:46:30.000
Toyota,vios,2022,35000,AT,460000000.0,2023-09-21 02:46:30.000
Toyota,vios,2022,35000,AT,460000000.0,2023-09-21 02:46:30.000
Toyota,vios,2022,55445,AT,440000000.0,2023-09-21 03:36:36.000
Toyota,vios,2022,55445,AT,440000000.0,2023-09-21 03:36:36.000
Toyota,vios,2022,55445,AT,440000000.0,2023-09-21 03:36:36.000
Toyota,vios,2022,55445,AT,440000000.0,2023-09-21 03:36:36.000
Toyota,vios,2022,55445,AT,440000000.0,2023-09-21 03:36:36.000
Toyota,vios,2022,55445,AT,440000000.0,2023-09-21 03:36:36.000
Toyota,vios,2022,55445,AT,440000000.0,2023-09-21 03:36:36.000
Toyota,vios,2022,55445,AT,440000000.0,2023-09-21 03:36:36.000
Toyota,vios,2022,55445,AT,440000000.0,2023-09-21 03:36:36.000
Toyota,vios,2022,55445,AT,440000000.0,2023-09-21 03:36:36.000
Toyota,vios,2022,55445,AT,440000000.0,2023-09-21 03:36:36.000
Toyota,vios,2022,55445,AT,440000000.0,2023-09-21 03:36:36.000
Toyota,vios,2022,55445,AT,440000000.0,2023-09-21 03:36:36.000
Toyota,vios,2022,55445,AT,440000000.0,2023-09-21 03:36:36.000
Toyota,vios,2022,55445,AT,440000000.0,2023-09-21 03:36:36.000
Toyota,vios,2022,55445,AT,440000000.0,2023-09-21 03:36:36.000
Toyota,vios,2022,55445,AT,440000000.0,2023-09-21 03:36:36.000
Toyota,vios,2022,55445,AT,440000000.0,2023-09-21 03:36:36.000
Toyota,vios,2022,55445,AT,440000000.0,2023-09-21 03:36:36.000
Toyota,vios,2022,55445,AT,440000000.0,2023-09-21 03:36:36.000
Toyota,vios,2022,6600,AT,525000000.0,2023-09-21 07:00:34.084
Toyota,vios,2022,1,AT,460000000.0,2023-09-22 09:17:13.000
Toyota,vios,2022,15500,AT,519000000.0,2023-09-22 10:51:31.000
Toyota,vios,2022,15500,AT,519000000.0,2023-09-22 10:51:31.000
Toyota,vios,2022,15500,AT,519000000.0,2023-09-22 10:51:31.000
Toyota,vios,2022,15500,AT,519000000.0,2023-09-22 10:51:31.000
Toyota,vios,2022,15500,AT,519000000.0,2023-09-22 10:51:31.000
Toyota,vios,2022,15500,AT,519000000.0,2023-09-22 10:51:31.000
Toyota,vios,2022,15500,AT,519000000.0,2023-09-22 10:51:31.000
Toyota,vios,2022,15500,AT,519000000.0,2023-09-22 10:51:31.000
Toyota,vios,2022,15500,AT,519000000.0,2023-09-22 10:51:31.000
Toyota,vios,2022,15500,AT,519000000.0,2023-09-22 10:51:31.000
Toyota,vios,2022,15500,AT,519000000.0,2023-09-22 10:51:31.000
Toyota,vios,2022,15500,AT,519000000.0,2023-09-22 10:51:31.000
Toyota,vios,2022,15500,AT,519000000.0,2023-09-22 10:51:31.000
Toyota,vios,2022,15500,AT,519000000.0,2023-09-22 10:51:31.000
Toyota,vios,2022,15500,AT,519000000.0,2023-09-22 10:51:31.000
Toyota,vios,2022,15500,AT,519000000.0,2023-09-22 10:51:31.000
Toyota,vios,2022,15500,AT,519000000.0,2023-09-22 10:51:31.000
Toyota,vios,2022,15500,AT,519000000.0,2023-09-22 10:51:31.000
Toyota,vios,2022,15500,AT,519000000.0,2023-09-22 10:51:31.000
Toyota,vios,2022,15500,AT,519000000.0,2023-09-22 10:51:31.000
Toyota,vios,2022,15000,AT,450000000.0,2023-09-22 12:28:19.000
Toyota,vios,2022,38000,AT,460000000.0,2023-09-22 13:51:12.880
Toyota,vios,2022,38000,AT,460000000.0,2023-09-22 13:51:12.880
Toyota,vios,2022,38000,AT,460000000.0,2023-09-22 13:51:12.880
Toyota,vios,2022,38000,AT,460000000.0,2023-09-22 13:51:12.880
Toyota,vios,2022,38000,AT,460000000.0,2023-09-22 13:51:12.880
Toyota,vios,2022,38000,AT,460000000.0,2023-09-22 13:51:12.880
Toyota,vios,2022,4500,AT,485000000.0,2023-09-23 03:39:57.306
Toyota,vios,2022,4500,AT,485000000.0,2023-09-23 03:39:57.306
Toyota,vios,2022,18000,AT,488000000.0,2023-09-23 18:43:59.732
Toyota,vios,2022,20000,MT,415000000.0,2023-09-24 01:56:38.880
Toyota,vios,2022,6600,MT,425000000.0,2023-09-24 03:13:55.000
Toyota,vios,2022,6600,MT,425000000.0,2023-09-24 03:13:55.000
Toyota,vios,2022,15000,MT,415000000.0,2023-09-24 04:31:53.305
Toyota,vios,2022,15000,MT,415000000.0,2023-09-24 04:31:53.305
Toyota,vios,2022,13700,AT,500000000.0,2023-09-24 04:51:42.606
Toyota,vios,2022,28000,AT,510000000.0,2023-09-24 08:18:32.000
Toyota,vios,2022,28000,AT,510000000.0,2023-09-24 08:18:32.000
Toyota,vios,2022,28000,AT,510000000.0,2023-09-24 08:18:32.000
Toyota,vios,2022,28000,AT,510000000.0,2023-09-24 08:18:32.000
Toyota,vios,2022,28000,AT,510000000.0,2023-09-24 08:18:32.000
Toyota,vios,2022,28000,AT,510000000.0,2023-09-24 08:18:32.000
Toyota,vios,2022,28000,AT,510000000.0,2023-09-24 08:18:32.000
Toyota,vios,2022,28000,AT,510000000.0,2023-09-24 08:18:32.000
Toyota,vios,2022,28000,AT,510000000.0,2023-09-24 08:18:32.000
Toyota,vios,2022,28000,AT,510000000.0,2023-09-24 08:18:32.000
Toyota,vios,2022,10000,AT,492000000.0,2023-09-24 08:37:08.406
Toyota,vios,2022,20000,AT,479000000.0,2023-09-24 11:32:00.000
Toyota,vios,2022,44000,AT,465000000.0,2023-09-24 11:39:17.000
Toyota,vios,2022,44000,AT,465000000.0,2023-09-24 11:39:17.000
Toyota,vios,2022,1,AT,460000000.0,2023-09-25 03:50:58.779
Toyota,vios,2022,1,AT,460000000.0,2023-09-25 03:50:58.779
Toyota,vios,2022,1,AT,460000000.0,2023-09-25 03:50:58.779
Toyota,vios,2022,6000,AT,525000000.0,2023-09-25 08:08:15.702
Toyota,vios,2022,6000,AT,525000000.0,2023-09-25 08:08:15.702
Toyota,vios,2022,6000,AT,525000000.0,2023-09-25 08:08:15.702
Toyota,vios,2022,6000,AT,525000000.0,2023-09-25 08:08:15.702
Toyota,vios,2022,6000,AT,525000000.0,2023-09-25 08:08:15.702
Toyota,vios,2022,6000,AT,525000000.0,2023-09-25 08:08:15.702
Toyota,vios,2022,6000,AT,525000000.0,2023-09-25 08:08:15.702
Toyota,vios,2022,6000,AT,525000000.0,2023-09-25 08:08:15.702
Toyota,vios,2022,30000,AT,519000000.0,2023-09-25 09:09:11.000
Toyota,vios,2022,30000,AT,519000000.0,2023-09-25 09:09:11.000
Toyota,vios,2022,30000,AT,519000000.0,2023-09-25 09:09:11.000
Toyota,vios,2022,30000,AT,519000000.0,2023-09-25 09:09:11.000
Toyota,vios,2022,30000,AT,519000000.0,2023-09-25 09:09:11.000
Toyota,vios,2022,30000,AT,519000000.0,2023-09-25 09:09:11.000
Toyota,vios,2022,30000,AT,519000000.0,2023-09-25 09:09:11.000
Toyota,vios,2022,30000,AT,519000000.0,2023-09-25 09:09:11.000
Toyota,vios,2022,30000,AT,519000000.0,2023-09-25 09:09:11.000
Toyota,vios,2022,30000,AT,519000000.0,2023-09-25 09:09:11.000
Toyota,vios,2022,30000,AT,519000000.0,2023-09-25 09:09:11.000
Toyota,vios,2022,30000,AT,519000000.0,2023-09-25 09:09:11.000
Toyota,vios,2022,30000,AT,519000000.0,2023-09-25 09:09:11.000
Toyota,vios,2022,30000,AT,519000000.0,2023-09-25 09:09:11.000
Toyota,vios,2022,30000,AT,519000000.0,2023-09-25 09:09:11.000
Toyota,vios,2022,30000,AT,519000000.0,2023-09-25 09:09:11.000
Toyota,vios,2022,30000,AT,519000000.0,2023-09-25 09:09:11.000
Toyota,vios,2022,30000,AT,519000000.0,2023-09-25 09:09:11.000
Toyota,vios,2022,30000,AT,519000000.0,2023-09-25 09:09:11.000
Toyota,vios,2022,30000,AT,519000000.0,2023-09-25 09:09:11.000
Toyota,vios,2022,10000,AT,492000000.0,2023-09-25 11:11:54.783
Toyota,vios,2022,10000,AT,492000000.0,2023-09-25 11:11:54.783
Toyota,vios,2022,10000,AT,492000000.0,2023-09-25 11:11:54.783
Toyota,vios,2022,18000,AT,479000000.0,2023-09-25 12:51:13.000
Toyota,vios,2022,18000,AT,479000000.0,2023-09-25 12:51:13.000
Toyota,vios,2022,31000,AT,519000000.0,2023-09-26 02:01:07.000
Toyota,vios,2022,31000,AT,519000000.0,2023-09-26 02:01:07.000
Toyota,vios,2022,31000,AT,519000000.0,2023-09-26 02:01:07.000
Toyota,vios,2022,31000,AT,519000000.0,2023-09-26 02:01:07.000
Toyota,vios,2022,31000,AT,519000000.0,2023-09-26 02:01:07.000
Toyota,vios,2022,31000,AT,519000000.0,2023-09-26 02:01:07.000
Toyota,vios,2022,31000,AT,519000000.0,2023-09-26 02:01:07.000
Toyota,vios,2022,31000,AT,519000000.0,2023-09-26 02:01:07.000
Toyota,vios,2022,31000,AT,519000000.0,2023-09-26 02:01:07.000
Toyota,vios,2022,31000,AT,519000000.0,2023-09-26 02:01:07.000
Toyota,vios,2022,31000,AT,519000000.0,2023-09-26 02:01:07.000
Toyota,vios,2022,30000,AT,516000000.0,2023-09-26 02:01:32.000
Toyota,vios,2022,30000,AT,516000000.0,2023-09-26 02:01:32.000
Toyota,vios,2022,30000,AT,516000000.0,2023-09-26 02:01:32.000
Toyota,vios,2022,30000,AT,516000000.0,2023-09-26 02:01:32.000
Toyota,vios,2022,30000,AT,516000000.0,2023-09-26 02:01:32.000
Toyota,vios,2022,30000,AT,516000000.0,2023-09-26 02:01:32.000
Toyota,vios,2022,30000,AT,516000000.0,2023-09-26 02:01:32.000
Toyota,vios,2022,30000,AT,516000000.0,2023-09-26 02:01:32.000
Toyota,vios,2022,30000,AT,516000000.0,2023-09-26 02:01:32.000
Toyota,vios,2022,30000,AT,516000000.0,2023-09-26 02:01:32.000
Toyota,vios,2022,30000,AT,516000000.0,2023-09-26 02:01:32.000
Toyota,vios,2022,30000,AT,516000000.0,2023-09-26 02:01:32.000
Toyota,vios,2022,30000,AT,516000000.0,2023-09-26 02:01:32.000
Toyota,vios,2022,30000,AT,516000000.0,2023-09-26 02:01:32.000
Toyota,vios,2022,30000,AT,516000000.0,2023-09-26 02:01:32.000
Toyota,vios,2022,30000,AT,516000000.0,2023-09-26 02:01:32.000
Toyota,vios,2022,21000,AT,499000000.0,2023-09-26 03:01:45.404
Toyota,vios,2022,21000,AT,499000000.0,2023-09-26 03:01:45.404
Toyota,vios,2022,17000,AT,509000000.0,2023-09-26 03:05:55.615
Toyota,vios,2022,17000,AT,509000000.0,2023-09-26 03:05:55.615
Toyota,vios,2022,17000,AT,509000000.0,2023-09-26 03:05:55.615
Toyota,vios,2022,17000,AT,509000000.0,2023-09-26 03:05:55.615
Toyota,vios,2022,17000,AT,509000000.0,2023-09-26 03:05:55.615
Toyota,vios,2022,17000,AT,509000000.0,2023-09-26 03:05:55.615
Toyota,vios,2022,6600,MT,425000000.0,2023-09-26 03:13:09.526
Toyota,vios,2022,6600,MT,425000000.0,2023-09-26 03:13:09.526
Toyota,vios,2022,20000,AT,479000000.0,2023-09-26 04:13:24.735
Toyota,vios,2022,30000,AT,519000000.0,2023-09-26 08:11:09.105
Toyota,vios,2022,30000,AT,519000000.0,2023-09-26 08:11:09.105
Toyota,vios,2022,16200,MT,429000000.0,2023-09-26 08:20:56.000
Toyota,vios,2022,16200,MT,429000000.0,2023-09-26 08:20:56.000
Toyota,vios,2022,25000,AT,488000000.0,2023-09-26 10:28:18.000
Toyota,vios,2022,25000,AT,488000000.0,2023-09-26 10:28:18.000
Toyota,vios,2022,16000,MT,425000000.0,2023-09-26 10:52:54.000
Toyota,vios,2022,16000,MT,425000000.0,2023-09-26 10:52:54.000
Toyota,vios,2022,16000,MT,425000000.0,2023-09-26 10:52:54.000
Toyota,vios,2022,16000,MT,425000000.0,2023-09-26 10:52:54.000
Toyota,vios,2022,16000,MT,425000000.0,2023-09-26 10:52:54.000
Toyota,vios,2022,16000,MT,425000000.0,2023-09-26 10:52:54.000
Toyota,vios,2022,16000,MT,425000000.0,2023-09-26 10:52:54.000
Toyota,vios,2022,16000,MT,430000000.0,2023-09-26 10:52:54.000
Toyota,vios,2022,16000,MT,430000000.0,2023-09-26 10:52:54.000
Toyota,vios,2022,16000,MT,425000000.0,2023-09-26 10:52:54.000
Toyota,vios,2022,16000,MT,425000000.0,2023-09-26 10:52:54.000
Toyota,vios,2022,16000,MT,425000000.0,2023-09-26 10:52:54.000
Toyota,vios,2022,16000,MT,425000000.0,2023-09-26 10:52:54.000
Toyota,vios,2022,16000,MT,425000000.0,2023-09-26 10:52:54.000
Toyota,vios,2022,16000,MT,425000000.0,2023-09-26 10:52:54.000
Toyota,vios,2022,16000,MT,425000000.0,2023-09-26 10:52:54.000
Toyota,vios,2022,16000,MT,430000000.0,2023-09-26 10:52:54.000
Toyota,vios,2022,16000,MT,425000000.0,2023-09-26 10:52:54.000
Toyota,vios,2022,16000,MT,425000000.0,2023-09-26 10:52:54.000
Toyota,vios,2022,16000,MT,425000000.0,2023-09-26 10:52:54.000
Toyota,vios,2022,16000,MT,430000000.0,2023-09-26 10:52:54.000
Toyota,vios,2022,16000,MT,425000000.0,2023-09-26 10:52:54.000
Toyota,vios,2022,7500,AT,465000000.0,2023-09-26 12:13:38.528
Toyota,vios,2022,7500,AT,465000000.0,2023-09-26 12:13:38.528
Toyota,vios,2022,7500,AT,465000000.0,2023-09-26 12:13:38.528
Toyota,vios,2022,7500,AT,465000000.0,2023-09-26 12:13:38.528
Toyota,vios,2022,15000,MT,415000000.0,2023-09-26 12:20:12.781
Toyota,vios,2022,15000,MT,415000000.0,2023-09-26 12:20:12.781
Toyota,vios,2022,18000,AT,488000000.0,2023-09-26 17:58:27.730
Toyota,vios,2022,44000,AT,465000000.0,2023-09-27 02:54:35.984
Toyota,vios,2022,44000,AT,465000000.0,2023-09-27 02:54:35.984
Toyota,vios,2022,16200,MT,440000000.0,2023-09-27 03:11:45.308
Toyota,vios,2022,16200,MT,440000000.0,2023-09-27 03:11:45.308
Toyota,vios,2022,16200,MT,440000000.0,2023-09-27 03:11:45.308
Toyota,vios,2022,16200,MT,440000000.0,2023-09-27 03:11:45.308
Toyota,vios,2022,16200,MT,440000000.0,2023-09-27 03:11:45.308
Toyota,vios,2022,16200,MT,425000000.0,2023-09-27 03:11:45.308
Toyota,vios,2022,16200,MT,425000000.0,2023-09-27 03:11:45.308
Toyota,vios,2022,16200,MT,440000000.0,2023-09-27 03:11:45.308
Toyota,vios,2022,16200,MT,440000000.0,2023-09-27 03:11:45.308
Toyota,vios,2022,16200,MT,440000000.0,2023-09-27 03:11:45.308
Toyota,vios,2022,16200,MT,440000000.0,2023-09-27 03:11:45.308
Toyota,vios,2022,16200,MT,425000000.0,2023-09-27 03:11:45.308
Toyota,vios,2022,16200,MT,440000000.0,2023-09-27 03:11:45.308
Toyota,vios,2022,16200,MT,440000000.0,2023-09-27 03:11:45.308
Toyota,vios,2022,16200,MT,440000000.0,2023-09-27 03:11:45.308
Toyota,vios,2022,16200,MT,425000000.0,2023-09-27 03:11:45.308
Toyota,vios,2022,16200,MT,425000000.0,2023-09-27 03:11:45.308
Toyota,vios,2022,16200,MT,440000000.0,2023-09-27 03:11:45.308
Toyota,vios,2022,16200,MT,425000000.0,2023-09-27 03:11:45.308
Toyota,vios,2022,16200,MT,440000000.0,2023-09-27 03:11:45.308
Toyota,vios,2022,5800,AT,525000000.0,2023-09-27 03:26:50.000
Toyota,vios,2022,5800,AT,525000000.0,2023-09-27 03:26:50.000
Toyota,vios,2022,5800,AT,525000000.0,2023-09-27 03:26:50.000
Toyota,vios,2022,5800,AT,525000000.0,2023-09-27 03:26:50.000
Toyota,vios,2022,5800,AT,525000000.0,2023-09-27 03:26:50.000
Toyota,vios,2022,5800,AT,525000000.0,2023-09-27 03:26:50.000
Toyota,vios,2022,25000,AT,488000000.0,2023-09-27 04:41:55.154
Toyota,vios,2022,25000,AT,488000000.0,2023-09-27 04:41:55.154
Toyota,vios,2022,17000,AT,509000000.0,2023-09-27 06:59:06.888
Toyota,vios,2022,17000,AT,509000000.0,2023-09-27 06:59:06.888
Toyota,vios,2022,4500,AT,485000000.0,2023-09-27 14:48:25.901
Toyota,vios,2022,4500,AT,485000000.0,2023-09-27 14:48:25.901
Toyota,vios,2022,18000,AT,488000000.0,2023-09-27 19:12:41.556
Toyota,vios,2022,18000,AT,488000000.0,2023-09-27 19:12:41.556
Toyota,vios,2022,18000,AT,488000000.0,2023-09-27 19:12:41.556
Toyota,vios,2022,18000,AT,488000000.0,2023-09-27 19:12:41.556
Toyota,vios,2022,15000,MT,415000000.0,2023-09-27 23:27:39.352
Toyota,vios,2022,15000,MT,415000000.0,2023-09-27 23:27:39.352
Toyota,vios,2022,20000,MT,415000000.0,2023-09-28 00:17:23.180
Toyota,vios,2022,20000,MT,415000000.0,2023-09-28 00:17:23.180
Toyota,vios,2022,6600,AT,525000000.0,2023-09-28 00:54:54.901
Toyota,vios,2022,6600,AT,525000000.0,2023-09-28 00:54:54.901
Toyota,vios,2022,6600,AT,525000000.0,2023-09-28 00:54:54.901
Toyota,vios,2022,6600,AT,525000000.0,2023-09-28 00:54:54.901
Toyota,vios,2022,6600,AT,525000000.0,2023-09-28 00:54:54.901
Toyota,vios,2022,6600,AT,525000000.0,2023-09-28 00:54:54.901
Toyota,vios,2022,39000,AT,455000000.0,2023-09-28 02:21:31.279
Toyota,vios,2022,21000,AT,499000000.0,2023-09-28 02:58:11.554
Toyota,vios,2022,21000,AT,499000000.0,2023-09-28 02:58:11.554
Toyota,vios,2022,20000,AT,479000000.0,2023-09-28 03:13:22.756
Toyota,vios,2022,25000,MT,439000000.0,2023-09-28 06:15:08.251
Toyota,vios,2022,25000,MT,439000000.0,2023-09-28 06:15:08.251
Toyota,vios,2022,30000,AT,519000000.0,2023-09-28 07:41:20.452
Toyota,vios,2022,30000,AT,519000000.0,2023-09-28 07:41:20.452
Toyota,vios,2022,32000,AT,473000000.0,2023-09-28 13:27:21.351
Toyota,vios,2022,32000,AT,473000000.0,2023-09-28 13:27:21.351
Toyota,vios,2022,32000,AT,473000000.0,2023-09-28 13:27:21.351
Toyota,vios,2022,32000,AT,473000000.0,2023-09-28 13:27:21.351
Toyota,vios,2022,21000,MT,460000000.0,2023-09-29 00:18:29.000
Toyota,vios,2022,21000,MT,460000000.0,2023-09-29 00:18:29.000
Toyota,vios,2022,21000,MT,460000000.0,2023-09-29 00:18:29.000
Toyota,vios,2022,21000,MT,460000000.0,2023-09-29 00:18:29.000
Toyota,vios,2022,21000,MT,460000000.0,2023-09-29 00:18:29.000
Toyota,vios,2022,21000,MT,460000000.0,2023-09-29 00:18:29.000
Toyota,vios,2022,21000,MT,460000000.0,2023-09-29 00:18:29.000
Toyota,vios,2022,21000,MT,460000000.0,2023-09-29 00:18:29.000
Toyota,vios,2022,21000,MT,460000000.0,2023-09-29 00:18:29.000
Toyota,vios,2022,21000,MT,460000000.0,2023-09-29 00:18:29.000
Toyota,vios,2022,21000,MT,460000000.0,2023-09-29 00:18:29.000
Toyota,vios,2022,21000,MT,460000000.0,2023-09-29 00:18:29.000
Toyota,vios,2022,21000,MT,460000000.0,2023-09-29 00:18:29.000
Toyota,vios,2022,21000,MT,460000000.0,2023-09-29 00:18:29.000
Toyota,vios,2022,21000,MT,460000000.0,2023-09-29 00:18:29.000
Toyota,vios,2022,21000,MT,460000000.0,2023-09-29 00:18:29.000
Toyota,vios,2022,21000,MT,460000000.0,2023-09-29 00:18:29.000
Toyota,vios,2022,21000,MT,460000000.0,2023-09-29 00:18:29.000
Toyota,vios,2022,21000,AT,499000000.0,2023-09-29 01:36:34.306
Toyota,vios,2022,21000,AT,499000000.0,2023-09-29 01:36:34.306
Toyota,vios,2022,15000,MT,415000000.0,2023-09-29 03:19:02.980
Toyota,vios,2022,15000,MT,415000000.0,2023-09-29 03:19:02.980
Toyota,vios,2022,20000,AT,479000000.0,2023-09-29 03:49:09.020
Toyota,vios,2022,20000,AT,479000000.0,2023-09-29 04:47:41.000
Toyota,vios,2022,44000,AT,465000000.0,2023-09-29 04:53:11.490
Toyota,vios,2022,44000,AT,465000000.0,2023-09-29 04:53:11.490
Toyota,vios,2022,44000,AT,465000000.0,2023-09-29 04:53:11.490
Toyota,vios,2022,44000,AT,465000000.0,2023-09-29 04:53:11.490
Toyota,vios,2022,44000,AT,465000000.0,2023-09-29 04:53:11.490
Toyota,vios,2022,44000,AT,465000000.0,2023-09-29 04:53:11.490
Toyota,vios,2022,25000,MT,439000000.0,2023-09-29 06:15:08.306
Toyota,vios,2022,25000,MT,439000000.0,2023-09-29 06:15:08.306
Toyota,vios,2022,25000,MT,439000000.0,2023-09-29 06:15:08.306
Toyota,vios,2022,25000,MT,439000000.0,2023-09-29 06:15:08.306
Toyota,vios,2022,25000,MT,439000000.0,2023-09-29 06:15:08.306
Toyota,vios,2022,25000,MT,439000000.0,2023-09-29 06:15:08.306
Toyota,vios,2022,25000,MT,439000000.0,2023-09-29 06:15:08.306
Toyota,vios,2022,25000,MT,439000000.0,2023-09-29 06:15:08.306
Toyota,vios,2022,10000,AT,492000000.0,2023-09-29 08:22:42.000
Toyota,vios,2022,10000,AT,492000000.0,2023-09-29 08:22:42.000
Toyota,vios,2022,7500,AT,465000000.0,2023-09-29 08:43:44.809
Toyota,vios,2022,7500,AT,465000000.0,2023-09-29 08:43:44.809
Toyota,vios,2022,15000,MT,415000000.0,2023-09-30 00:19:24.851
Toyota,vios,2022,15000,MT,415000000.0,2023-09-30 00:19:24.851
Toyota,vios,2022,60000,MT,425000000.0,2023-09-30 01:37:37.000
Toyota,vios,2022,2450,MT,450000000.0,2023-09-30 01:43:21.000
Toyota,vios,2022,2450,MT,450000000.0,2023-09-30 01:43:21.000
Toyota,vios,2022,2450,MT,450000000.0,2023-09-30 01:43:21.000
Toyota,vios,2022,2450,MT,450000000.0,2023-09-30 01:43:21.000
Toyota,vios,2022,2450,MT,450000000.0,2023-09-30 01:43:21.000
Toyota,vios,2022,2450,MT,450000000.0,2023-09-30 01:43:21.000
Toyota,vios,2022,2450,MT,450000000.0,2023-09-30 01:43:21.000
Toyota,vios,2022,2450,MT,450000000.0,2023-09-30 01:43:21.000
Toyota,vios,2022,2450,MT,450000000.0,2023-09-30 01:43:21.000
Toyota,vios,2022,4500,AT,485000000.0,2023-09-30 05:42:04.882
Toyota,vios,2022,4500,AT,485000000.0,2023-09-30 05:42:04.882
Toyota,vios,2022,4500,AT,485000000.0,2023-09-30 05:42:04.882
Toyota,vios,2022,4500,AT,485000000.0,2023-09-30 05:42:04.882
Toyota,vios,2022,4500,AT,485000000.0,2023-09-30 05:42:04.882
Toyota,vios,2022,4500,AT,485000000.0,2023-09-30 05:42:04.882
Toyota,vios,2022,4500,AT,485000000.0,2023-09-30 05:42:04.882
Toyota,vios,2022,4500,AT,485000000.0,2023-09-30 05:42:04.882
Toyota,vios,2022,30000,AT,519000000.0,2023-09-30 06:50:28.453
Toyota,vios,2022,30000,AT,519000000.0,2023-09-30 06:50:28.453
Toyota,vios,2022,30000,AT,519000000.0,2023-09-30 06:50:28.453
Toyota,vios,2022,30000,AT,519000000.0,2023-09-30 06:50:28.453
Toyota,vios,2022,30000,AT,519000000.0,2023-09-30 06:50:28.453
Toyota,vios,2022,30000,AT,519000000.0,2023-09-30 06:50:28.453
Toyota,vios,2022,25000,AT,488000000.0,2023-09-30 10:20:59.978
Toyota,vios,2022,40000,AT,480000000.0,2023-09-30 14:57:05.000
Toyota,vios,2022,40000,AT,480000000.0,2023-09-30 14:57:05.000
Toyota,vios,2022,20000,MT,415000000.0,2023-10-01 00:34:56.106
Toyota,vios,2022,20000,MT,415000000.0,2023-10-01 00:34:56.106
Toyota,vios,2022,20000,MT,415000000.0,2023-10-01 00:34:56.106
Toyota,vios,2022,20000,MT,415000000.0,2023-10-01 00:34:56.106
Toyota,vios,2022,20000,MT,415000000.0,2023-10-01 00:34:56.106
Toyota,vios,2022,20000,MT,415000000.0,2023-10-01 00:34:56.106
Toyota,vios,2022,20000,MT,415000000.0,2023-10-01 00:34:56.106
Toyota,vios,2022,20000,MT,415000000.0,2023-10-01 00:34:56.106
Toyota,vios,2022,54000,AT,518000000.0,2023-10-01 04:07:07.000
Toyota,vios,2022,54000,AT,518000000.0,2023-10-01 04:07:07.000
Toyota,vios,2022,54000,AT,518000000.0,2023-10-01 04:07:07.000
Toyota,vios,2022,54000,AT,518000000.0,2023-10-01 04:07:07.000
Toyota,vios,2022,54000,AT,518000000.0,2023-10-01 04:07:07.000
Toyota,vios,2022,54000,AT,518000000.0,2023-10-01 04:07:07.000
Toyota,vios,2022,54000,AT,518000000.0,2023-10-01 04:07:07.000
Toyota,vios,2022,54000,AT,518000000.0,2023-10-01 04:07:07.000
Toyota,vios,2022,54000,AT,518000000.0,2023-10-01 04:07:07.000
Toyota,vios,2022,54000,AT,518000000.0,2023-10-01 04:07:07.000
Toyota,vios,2022,54000,AT,518000000.0,2023-10-01 04:07:07.000
Toyota,vios,2022,54000,AT,518000000.0,2023-10-01 04:07:07.000
Toyota,vios,2022,54000,AT,518000000.0,2023-10-01 04:07:07.000
Toyota,vios,2022,54000,AT,518000000.0,2023-10-01 04:07:07.000
Toyota,vios,2022,54000,AT,518000000.0,2023-10-01 04:07:07.000
Toyota,vios,2022,54000,AT,518000000.0,2023-10-01 04:07:07.000
Toyota,vios,2022,21000,AT,499000000.0,2023-10-01 07:25:39.229
Toyota,vios,2022,21000,AT,499000000.0,2023-10-01 07:25:39.229
Toyota,vios,2022,18000,AT,479000000.0,2023-10-01 13:02:35.133
Toyota,vios,2022,18000,AT,479000000.0,2023-10-01 13:02:35.133
Toyota,vios,2022,18000,AT,479000000.0,2023-10-01 13:02:35.133
Toyota,vios,2022,18000,AT,479000000.0,2023-10-01 13:02:35.133
Toyota,vios,2022,18000,AT,479000000.0,2023-10-01 13:02:35.133
Toyota,vios,2022,13000,AT,480000000.0,2023-10-02 00:33:16.000
Toyota,vios,2022,13000,AT,480000000.0,2023-10-02 00:33:16.000
Toyota,vios,2022,13000,AT,490000000.0,2023-10-02 00:33:16.000
Toyota,vios,2022,13000,AT,480000000.0,2023-10-02 00:33:16.000
Toyota,vios,2022,13000,AT,480000000.0,2023-10-02 00:33:16.000
Toyota,vios,2022,13000,AT,490000000.0,2023-10-02 00:33:16.000
Toyota,vios,2022,13000,AT,480000000.0,2023-10-02 00:33:16.000
Toyota,vios,2022,13000,AT,480000000.0,2023-10-02 00:33:16.000
Toyota,vios,2022,13000,AT,480000000.0,2023-10-02 00:33:16.000
Toyota,vios,2022,13000,AT,480000000.0,2023-10-02 00:33:16.000
Toyota,vios,2022,13000,AT,480000000.0,2023-10-02 00:33:16.000
Toyota,vios,2022,13000,AT,490000000.0,2023-10-02 00:33:16.000
Toyota,vios,2022,13000,AT,490000000.0,2023-10-02 00:33:16.000
Toyota,vios,2022,15000,AT,460000000.0,2023-10-02 00:33:16.000
Toyota,vios,2022,13000,AT,480000000.0,2023-10-02 00:33:16.000
Toyota,vios,2022,15000,AT,460000000.0,2023-10-02 00:33:16.000
Toyota,vios,2022,20000,AT,479000000.0,2023-10-02 01:53:34.153
Toyota,vios,2022,32000,AT,485000000.0,2023-10-02 02:48:53.000
Toyota,vios,2022,20000,AT,479000000.0,2023-10-02 02:53:35.123
Toyota,vios,2022,17000,AT,509000000.0,2023-10-02 03:25:46.354
Toyota,vios,2022,17000,AT,509000000.0,2023-10-02 03:25:46.354
Toyota,vios,2022,17000,AT,509000000.0,2023-10-02 03:25:46.354
Toyota,vios,2022,60000,MT,425000000.0,2023-10-02 06:23:47.153
Toyota,vios,2022,60000,MT,425000000.0,2023-10-02 06:23:47.153
Toyota,vios,2022,15000,MT,415000000.0,2023-10-02 06:27:20.151
Toyota,vios,2022,15000,MT,415000000.0,2023-10-02 06:27:20.151
Toyota,vios,2022,15000,MT,415000000.0,2023-10-02 09:18:44.881
Toyota,vios,2022,15000,MT,415000000.0,2023-10-02 09:18:44.881
Toyota,vios,2022,5800,AT,525000000.0,2023-10-03 01:02:13.857
Toyota,vios,2022,5800,AT,525000000.0,2023-10-03 01:02:13.857
Toyota,vios,2022,5800,AT,525000000.0,2023-10-03 01:02:13.857
Toyota,vios,2022,5800,AT,525000000.0,2023-10-03 01:02:13.857
Toyota,vios,2022,5800,AT,525000000.0,2023-10-03 01:02:13.857
Toyota,vios,2022,5800,AT,525000000.0,2023-10-03 01:02:13.857
Toyota,vios,2022,54000,AT,505000000.0,2023-10-03 02:43:22.000
Toyota,vios,2022,54000,AT,505000000.0,2023-10-03 02:43:22.000
Toyota,vios,2022,22000,AT,499000000.0,2023-10-03 02:52:04.809
Toyota,vios,2022,22000,AT,499000000.0,2023-10-03 02:52:04.809
Toyota,vios,2022,17000,AT,468000000.0,2023-10-03 10:10:53.000
Toyota,vios,2022,17000,AT,468000000.0,2023-10-03 10:10:53.000
Toyota,vios,2022,17000,AT,468000000.0,2023-10-03 10:10:53.000
Toyota,vios,2022,17000,AT,468000000.0,2023-10-03 10:10:53.000
Toyota,vios,2022,46000,AT,490000000.0,2023-10-03 11:03:45.000
Toyota,vios,2022,46000,AT,490000000.0,2023-10-03 11:03:45.000
Toyota,vios,2022,46000,AT,490000000.0,2023-10-03 11:03:45.000
Toyota,vios,2022,46000,AT,490000000.0,2023-10-03 11:03:45.000
Toyota,vios,2022,15000,MT,415000000.0,2023-10-03 12:15:25.760
Toyota,vios,2022,15000,MT,415000000.0,2023-10-03 12:15:25.760
Toyota,vios,2022,54000,AT,505000000.0,2023-10-03 23:46:15.951
Toyota,vios,2022,54000,AT,505000000.0,2023-10-03 23:46:15.951
Toyota,vios,2022,54000,AT,505000000.0,2023-10-03 23:46:15.951
Toyota,vios,2022,54000,AT,505000000.0,2023-10-03 23:46:15.951
Toyota,vios,2022,54000,AT,505000000.0,2023-10-03 23:46:15.951
Toyota,vios,2022,54000,AT,505000000.0,2023-10-03 23:46:15.951
Toyota,vios,2022,15400,AT,509000000.0,2023-10-04 00:10:07.000
Toyota,vios,2022,15400,AT,509000000.0,2023-10-04 00:10:07.000
Toyota,vios,2022,15400,AT,509000000.0,2023-10-04 00:10:07.000
Toyota,vios,2022,15400,AT,509000000.0,2023-10-04 00:10:07.000
Toyota,vios,2022,31000,MT,445000000.0,2023-10-04 01:29:15.658
Toyota,vios,2022,31000,MT,445000000.0,2023-10-04 01:29:15.658
Toyota,vios,2022,31000,MT,445000000.0,2023-10-04 01:29:15.658
Toyota,vios,2022,31000,MT,445000000.0,2023-10-04 01:29:15.658
Toyota,vios,2022,1,AT,460000000.0,2023-10-04 02:08:55.205
Toyota,vios,2022,1,AT,460000000.0,2023-10-04 02:08:55.205
Toyota,vios,2022,1,AT,460000000.0,2023-10-04 02:08:55.205
Toyota,vios,2022,1,AT,460000000.0,2023-10-04 02:08:55.205
Toyota,vios,2022,20000,AT,479000000.0,2023-10-04 02:43:00.083
Toyota,vios,2022,20000,AT,479000000.0,2023-10-04 04:43:01.155
Toyota,vios,2022,6000,AT,479000000.0,2023-10-04 09:02:52.000
Toyota,vios,2022,6000,AT,479000000.0,2023-10-04 09:02:52.000
Toyota,vios,2022,10000,AT,492000000.0,2023-10-04 11:20:14.525
Toyota,vios,2022,10000,AT,492000000.0,2023-10-04 11:20:14.525
Toyota,vios,2022,15000,MT,415000000.0,2023-10-04 11:24:42.803
Toyota,vios,2022,15000,MT,415000000.0,2023-10-04 11:24:42.803
Toyota,vios,2022,10000,AT,492000000.0,2023-10-04 12:20:17.559
Toyota,vios,2022,10000,AT,492000000.0,2023-10-04 12:20:17.559
Toyota,vios,2022,42000,MT,428000000.0,2023-10-04 13:19:52.000
Toyota,vios,2022,42000,MT,428000000.0,2023-10-04 13:19:52.000
Toyota,vios,2022,42000,MT,428000000.0,2023-10-04 13:19:52.000
Toyota,vios,2022,42000,MT,428000000.0,2023-10-04 13:19:52.000
Toyota,vios,2022,42000,MT,428000000.0,2023-10-04 13:19:52.000
Toyota,vios,2022,42000,MT,428000000.0,2023-10-04 13:19:52.000
Toyota,vios,2022,22000,AT,499000000.0,2023-10-05 01:06:20.326
Toyota,vios,2022,22000,AT,499000000.0,2023-10-05 01:06:20.326
Toyota,vios,2022,6000,AT,479000000.0,2023-10-05 02:26:39.452
Toyota,vios,2022,6000,AT,479000000.0,2023-10-05 02:26:39.452
Toyota,vios,2022,6000,AT,479000000.0,2023-10-05 02:26:39.452
Toyota,vios,2022,6000,AT,479000000.0,2023-10-05 02:26:39.452
Toyota,vios,2022,6000,AT,479000000.0,2023-10-05 02:26:39.452
Toyota,vios,2022,6000,AT,479000000.0,2023-10-05 02:26:39.452
Toyota,vios,2022,6000,AT,479000000.0,2023-10-05 02:26:39.452
Toyota,vios,2022,6000,AT,479000000.0,2023-10-05 02:26:39.452
Toyota,vios,2022,6000,AT,479000000.0,2023-10-05 02:26:39.452
Toyota,vios,2022,6000,AT,479000000.0,2023-10-05 02:26:39.452
Toyota,vios,2022,6000,AT,479000000.0,2023-10-05 02:26:39.452
Toyota,vios,2022,6000,AT,479000000.0,2023-10-05 02:26:39.452
Toyota,vios,2022,20000,AT,479000000.0,2023-10-05 02:44:48.553
Toyota,vios,2022,44000,AT,465000000.0,2023-10-05 04:09:50.958
Toyota,vios,2022,44000,AT,465000000.0,2023-10-05 04:09:50.958
Toyota,vios,2022,44000,AT,465000000.0,2023-10-05 04:09:50.958
Toyota,vios,2022,44000,AT,465000000.0,2023-10-05 04:09:50.958
Toyota,vios,2022,20000,AT,479000000.0,2023-10-05 04:29:48.095
Toyota,vios,2022,20700,MT,420000000.0,2023-10-05 05:45:06.000
Toyota,vios,2022,20700,MT,420000000.0,2023-10-05 05:45:06.000
Toyota,vios,2022,20700,MT,420000000.0,2023-10-05 05:45:06.000
Toyota,vios,2022,20700,MT,420000000.0,2023-10-05 05:45:06.000
Toyota,vios,2022,20700,MT,420000000.0,2023-10-05 05:45:06.000
Toyota,vios,2022,20700,MT,420000000.0,2023-10-05 05:45:06.000
Toyota,vios,2022,43163,MT,450000000.0,2023-10-05 06:50:46.000
Toyota,vios,2022,43163,MT,450000000.0,2023-10-05 06:50:46.000
Toyota,vios,2022,32000,AT,473000000.0,2023-10-05 14:33:32.275
Toyota,vios,2022,32000,AT,473000000.0,2023-10-05 14:33:32.275
Toyota,vios,2022,32000,AT,473000000.0,2023-10-05 14:33:32.275
Toyota,vios,2022,32000,AT,473000000.0,2023-10-05 14:33:32.275
Toyota,vios,2022,32000,AT,473000000.0,2023-10-05 14:33:32.275
Toyota,vios,2022,32000,AT,473000000.0,2023-10-05 14:33:32.275
Toyota,vios,2022,28000,AT,510000000.0,2023-10-06 01:03:13.574
Toyota,vios,2022,28000,AT,510000000.0,2023-10-06 01:03:13.574
Toyota,vios,2022,28000,AT,510000000.0,2023-10-06 01:03:13.574
Toyota,vios,2022,28000,AT,510000000.0,2023-10-06 01:03:13.574
Toyota,vios,2022,28000,AT,510000000.0,2023-10-06 01:03:13.574
Toyota,vios,2022,28000,AT,510000000.0,2023-10-06 01:03:13.574
Toyota,vios,2022,54000,AT,495000000.0,2023-10-06 03:59:24.426
Toyota,vios,2022,54000,AT,495000000.0,2023-10-06 03:59:24.426
Toyota,vios,2022,54000,AT,495000000.0,2023-10-06 03:59:24.426
Toyota,vios,2022,54000,AT,495000000.0,2023-10-06 03:59:24.426
Toyota,vios,2022,60000,MT,425000000.0,2023-10-06 06:04:45.877
Toyota,vios,2022,60000,MT,425000000.0,2023-10-06 06:04:45.877
Toyota,vios,2022,60000,MT,425000000.0,2023-10-06 06:04:45.877
Toyota,vios,2022,6000,AT,525000000.0,2023-10-06 13:20:30.558
Toyota,vios,2022,6000,AT,525000000.0,2023-10-06 13:20:30.558
Toyota,vios,2022,15400,AT,509000000.0,2023-10-07 00:54:42.329
Toyota,vios,2022,15400,AT,509000000.0,2023-10-07 00:54:42.329
Toyota,vios,2022,15400,AT,509000000.0,2023-10-07 00:54:42.329
Toyota,vios,2022,15400,AT,509000000.0,2023-10-07 00:54:42.329
Toyota,vios,2022,17000,AT,509000000.0,2023-10-07 02:40:53.926
Toyota,vios,2022,20000,AT,479000000.0,2023-10-07 03:55:06.301
Toyota,vios,2022,20000,AT,479000000.0,2023-10-07 05:10:04.324
Toyota,vios,2022,4500,AT,485000000.0,2023-10-07 08:49:29.831
Toyota,vios,2022,4500,AT,485000000.0,2023-10-07 08:49:29.831
Toyota,vios,2022,46000,AT,490000000.0,2023-10-08 01:35:33.853
Toyota,vios,2022,46000,AT,490000000.0,2023-10-08 01:35:33.853
Toyota,vios,2022,46000,AT,490000000.0,2023-10-08 01:35:33.853
Toyota,vios,2022,46000,AT,490000000.0,2023-10-08 01:35:33.853
Toyota,vios,2022,25000,AT,475000000.0,2023-10-08 03:09:04.000
Toyota,vios,2022,25000,AT,475000000.0,2023-10-08 03:09:04.000
Toyota,vios,2022,22000,AT,492000000.0,2023-10-08 04:21:19.853
Toyota,vios,2022,22000,AT,492000000.0,2023-10-08 04:21:19.853
Toyota,vios,2022,19000,AT,499000000.0,2023-10-08 05:37:37.000
Toyota,vios,2022,19000,AT,499000000.0,2023-10-08 05:37:37.000
Toyota,vios,2022,19000,AT,499000000.0,2023-10-08 05:37:37.000
Toyota,vios,2022,19000,AT,499000000.0,2023-10-08 05:37:37.000
Toyota,vios,2022,19000,AT,499000000.0,2023-10-08 05:37:37.000
Toyota,vios,2022,19000,AT,499000000.0,2023-10-08 05:37:37.000
Toyota,vios,2022,10000,AT,492000000.0,2023-10-08 10:42:31.330
Toyota,vios,2022,10000,AT,492000000.0,2023-10-08 10:42:31.330
Toyota,vios,2022,10000,AT,492000000.0,2023-10-08 11:12:31.203
Toyota,vios,2022,10000,AT,492000000.0,2023-10-08 11:12:31.203
Toyota,vios,2022,6000,AT,525000000.0,2023-10-08 12:52:17.552
Toyota,vios,2022,6000,AT,525000000.0,2023-10-08 12:52:17.552
Toyota,vios,2022,6000,AT,525000000.0,2023-10-08 12:52:17.552
Toyota,vios,2022,6000,AT,525000000.0,2023-10-08 12:52:17.552
Toyota,vios,2022,43163,MT,450000000.0,2023-10-08 23:19:57.874
Toyota,vios,2022,43163,MT,450000000.0,2023-10-08 23:19:57.874
Toyota,vios,2022,43163,MT,450000000.0,2023-10-08 23:19:57.874
Toyota,vios,2022,43163,MT,450000000.0,2023-10-08 23:19:57.874
Toyota,vios,2022,5800,AT,525000000.0,2023-10-09 05:15:50.775
Toyota,vios,2022,5800,AT,525000000.0,2023-10-09 05:15:50.775
Toyota,vios,2022,30600,AT,460000000.0,2023-10-09 05:24:28.053
Toyota,vios,2022,30600,AT,480000000.0,2023-10-09 05:24:28.053
Toyota,vios,2022,30600,AT,460000000.0,2023-10-09 05:24:28.053
Toyota,vios,2022,30600,AT,480000000.0,2023-10-09 05:24:28.053
Toyota,vios,2022,10000,AT,515000000.0,2023-10-09 06:09:24.000
Toyota,vios,2022,10000,AT,515000000.0,2023-10-09 06:09:24.000
Toyota,vios,2022,10000,AT,515000000.0,2023-10-09 06:09:24.000
Toyota,vios,2022,10000,AT,515000000.0,2023-10-09 06:09:24.000
Toyota,vios,2022,10000,AT,515000000.0,2023-10-09 06:09:24.000
Toyota,vios,2022,10000,AT,515000000.0,2023-10-09 06:09:24.000
Toyota,vios,2022,40000,AT,480000000.0,2023-10-09 09:32:06.000
Toyota,vios,2022,40000,AT,480000000.0,2023-10-09 09:32:06.000
Toyota,vios,2022,40000,AT,480000000.0,2023-10-09 09:32:06.000
Toyota,vios,2022,40000,AT,480000000.0,2023-10-09 09:32:06.000
Toyota,vios,2022,4500,AT,485000000.0,2023-10-10 00:16:32.206
Toyota,vios,2022,4500,AT,485000000.0,2023-10-10 00:16:32.206
Toyota,vios,2022,4500,AT,485000000.0,2023-10-10 00:16:32.206
Toyota,vios,2022,4500,AT,485000000.0,2023-10-10 00:16:32.206
Toyota,vios,2022,4500,AT,485000000.0,2023-10-10 00:16:32.206
Toyota,vios,2022,4500,AT,485000000.0,2023-10-10 00:16:32.206
Toyota,vios,2022,4500,AT,485000000.0,2023-10-10 00:16:32.206
Toyota,vios,2022,4500,AT,485000000.0,2023-10-10 00:16:32.206
Toyota,vios,2022,17000,AT,509000000.0,2023-10-10 02:09:03.511
Toyota,vios,2022,44000,AT,465000000.0,2023-10-10 02:12:12.382
Toyota,vios,2022,44000,AT,465000000.0,2023-10-10 02:12:12.382
Toyota,vios,2022,38000,MT,450000000.0,2023-10-10 03:19:53.000
Toyota,vios,2022,38000,MT,450000000.0,2023-10-10 03:19:53.000
Toyota,vios,2022,38000,MT,450000000.0,2023-10-10 03:19:53.000
Toyota,vios,2022,38000,MT,450000000.0,2023-10-10 03:19:53.000
Toyota,vios,2022,38000,MT,450000000.0,2023-10-10 03:19:53.000
Toyota,vios,2022,38000,MT,450000000.0,2023-10-10 03:19:53.000
Toyota,vios,2022,38000,MT,450000000.0,2023-10-10 03:19:53.000
Toyota,vios,2022,38000,MT,450000000.0,2023-10-10 03:19:53.000
Toyota,vios,2022,22000,AT,492000000.0,2023-10-10 03:39:47.455
Toyota,vios,2022,22000,AT,492000000.0,2023-10-10 03:39:47.455
Toyota,vios,2022,18000,AT,488000000.0,2023-10-10 03:42:56.000
Toyota,vios,2022,18000,AT,488000000.0,2023-10-10 03:42:56.000
Toyota,vios,2022,18000,AT,488000000.0,2023-10-10 03:42:56.000
Toyota,vios,2022,18000,AT,488000000.0,2023-10-10 03:42:56.000
Toyota,vios,2022,25000,AT,475000000.0,2023-10-10 03:45:19.305
Toyota,vios,2022,25000,AT,475000000.0,2023-10-10 03:45:19.305
Toyota,vios,2022,6600,AT,515000000.0,2023-10-10 03:46:10.305
Toyota,vios,2022,20000,AT,479000000.0,2023-10-10 04:54:51.765
Toyota,vios,2022,20000,AT,479000000.0,2023-10-10 05:24:53.004
Toyota,vios,2022,10000,AT,515000000.0,2023-10-10 07:21:44.000
Toyota,vios,2022,10000,AT,515000000.0,2023-10-10 07:21:44.000
Toyota,vios,2022,19000,AT,499000000.0,2023-10-10 07:23:11.000
Toyota,vios,2022,19000,AT,499000000.0,2023-10-10 07:23:11.000
Toyota,vios,2022,54000,AT,495000000.0,2023-10-10 07:55:00.277
Toyota,vios,2022,54000,AT,495000000.0,2023-10-10 07:55:00.277
Toyota,vios,2022,54000,AT,490000000.0,2023-10-10 07:55:00.277
Toyota,vios,2022,54000,AT,490000000.0,2023-10-10 07:55:00.277
Toyota,vios,2022,54000,AT,505000000.0,2023-10-10 16:23:44.004
Toyota,vios,2022,54000,AT,505000000.0,2023-10-10 16:23:44.004
Toyota,vios,2022,43163,MT,450000000.0,2023-10-11 02:01:41.180
Toyota,vios,2022,43163,MT,450000000.0,2023-10-11 02:01:41.180
Toyota,vios,2022,43163,MT,450000000.0,2023-10-11 02:01:41.180
Toyota,vios,2022,43163,MT,450000000.0,2023-10-11 02:01:41.180
Toyota,vios,2022,31000,MT,445000000.0,2023-10-11 03:37:32.384
Toyota,vios,2022,31000,MT,445000000.0,2023-10-11 03:37:32.384
Toyota,vios,2022,31000,MT,445000000.0,2023-10-11 03:37:32.384
Toyota,vios,2022,14500,MT,430000000.0,2023-10-11 08:14:16.000
Toyota,vios,2022,14500,MT,430000000.0,2023-10-11 08:14:16.000
Toyota,vios,2022,14500,MT,430000000.0,2023-10-11 08:14:16.000
Toyota,vios,2022,14500,MT,430000000.0,2023-10-11 08:14:16.000
Toyota,vios,2022,14500,MT,430000000.0,2023-10-11 08:14:16.000
Toyota,vios,2022,14500,MT,430000000.0,2023-10-11 08:14:16.000
Toyota,vios,2022,14500,MT,430000000.0,2023-10-11 11:29:07.117
Toyota,vios,2022,14500,MT,430000000.0,2023-10-11 11:29:07.117
Toyota,vios,2022,14500,MT,430000000.0,2023-10-11 11:29:07.117
Toyota,vios,2022,14500,MT,430000000.0,2023-10-11 11:29:07.117
Toyota,vios,2022,6000,AT,525000000.0,2023-10-11 13:05:12.654
Toyota,vios,2022,6000,AT,525000000.0,2023-10-11 13:05:12.654
Toyota,vios,2022,6000,AT,525000000.0,2023-10-11 13:05:12.654
Toyota,vios,2022,6000,AT,525000000.0,2023-10-11 13:05:12.654
Toyota,vios,2022,6000,AT,525000000.0,2023-10-11 13:05:12.654
Toyota,vios,2022,6000,AT,525000000.0,2023-10-11 13:05:12.654
Toyota,vios,2022,30700,AT,480000000.0,2023-10-12 05:01:12.000
Toyota,vios,2022,30700,AT,480000000.0,2023-10-12 05:01:12.000
Toyota,vios,2022,30700,AT,480000000.0,2023-10-12 05:01:12.000
Toyota,vios,2022,30700,AT,480000000.0,2023-10-12 05:01:12.000
Toyota,vios,2022,30700,AT,480000000.0,2023-10-12 05:01:12.000
Toyota,vios,2022,30700,AT,480000000.0,2023-10-12 05:01:12.000
Toyota,vios,2022,14500,MT,430000000.0,2023-10-12 07:44:10.000
Toyota,vios,2022,14500,MT,430000000.0,2023-10-12 07:44:10.000
Toyota,vios,2022,14500,MT,430000000.0,2023-10-12 07:44:10.000
Toyota,vios,2022,14500,MT,430000000.0,2023-10-12 07:44:10.000
Toyota,vios,2022,14500,MT,430000000.0,2023-10-12 07:44:10.000
Toyota,vios,2022,14500,MT,430000000.0,2023-10-12 07:44:10.000
Toyota,vios,2022,28000,MT,429000000.0,2023-10-12 10:00:54.000
Toyota,vios,2022,28000,MT,429000000.0,2023-10-12 10:00:54.000
Toyota,vios,2022,40000,AT,480000000.0,2023-10-13 01:05:40.000
Toyota,vios,2022,40000,AT,480000000.0,2023-10-13 01:05:40.000
Toyota,vios,2022,40000,AT,480000000.0,2023-10-13 01:05:40.000
Toyota,vios,2022,30700,AT,460000000.0,2023-10-13 04:11:18.000
Toyota,vios,2022,30700,AT,460000000.0,2023-10-13 04:11:18.000
Toyota,vios,2022,10000,AT,492000000.0,2023-10-13 09:38:35.475
Toyota,vios,2022,10000,AT,492000000.0,2023-10-13 10:08:32.505
Toyota,vios,2022,28000,AT,515000000.0,2023-10-14 08:18:08.696
Toyota,vios,2022,15000,AT,510000000.0,2023-10-14 13:21:54.000
Toyota,vios,2022,15000,AT,510000000.0,2023-10-14 13:21:54.000
Toyota,vios,2022,15000,AT,510000000.0,2023-10-14 13:21:54.000
Toyota,vios,2022,15000,AT,510000000.0,2023-10-14 13:21:54.000
Toyota,vios,2022,17000,AT,509000000.0,2023-10-14 13:31:51.215
Toyota,vios,2022,17000,AT,509000000.0,2023-10-14 13:31:51.215
Toyota,vios,2022,17000,AT,509000000.0,2023-10-15 03:35:41.154
Toyota,vios,2022,17000,AT,509000000.0,2023-10-15 03:35:41.154
Toyota,vios,2022,17000,AT,509000000.0,2023-10-15 03:35:41.154
Toyota,vios,2022,17000,AT,509000000.0,2023-10-15 03:35:41.154
Toyota,vios,2022,54000,AT,495000000.0,2023-10-15 04:20:56.214
Toyota,vios,2022,54000,AT,495000000.0,2023-10-15 04:20:56.214
Toyota,vios,2022,17000,AT,468000000.0,2023-10-15 05:30:27.235
Toyota,vios,2022,17000,AT,468000000.0,2023-10-15 05:30:27.235
Toyota,vios,2022,17000,AT,468000000.0,2023-10-15 05:30:27.235
Toyota,vios,2022,28000,AT,500000000.0,2023-10-15 05:43:59.461
Toyota,vios,2022,28000,AT,500000000.0,2023-10-15 05:43:59.461
Toyota,vios,2022,4200,AT,510000000.0,2023-10-15 08:31:14.491
Toyota,vios,2022,18000,AT,479000000.0,2023-10-15 12:47:35.666
Toyota,vios,2022,18000,AT,479000000.0,2023-10-15 12:47:35.666
Toyota,vios,2022,11000,AT,492000000.0,2023-10-15 16:15:41.000
Toyota,vios,2022,11000,AT,492000000.0,2023-10-15 16:15:41.000
Toyota,vios,2022,11000,AT,492000000.0,2023-10-15 16:15:41.000
Toyota,vios,2022,46000,AT,480000000.0,2023-10-16 00:01:08.844
Toyota,vios,2022,46000,AT,480000000.0,2023-10-16 00:01:08.844
Toyota,vios,2022,46000,AT,480000000.0,2023-10-16 00:01:08.844
Toyota,vios,2022,46000,AT,480000000.0,2023-10-16 00:01:08.844
Toyota,vios,2022,60000,MT,425000000.0,2023-10-16 02:49:16.519
Toyota,vios,2022,17000,MT,425000000.0,2023-10-16 03:20:27.870
Toyota,vios,2022,29900,AT,490000000.0,2023-10-16 03:51:39.000
Toyota,vios,2022,29900,AT,490000000.0,2023-10-16 03:51:39.000
Toyota,vios,2022,29900,AT,490000000.0,2023-10-16 03:51:39.000
Toyota,vios,2022,20000,AT,479000000.0,2023-10-17 01:13:34.366
Toyota,vios,2022,20000,AT,479000000.0,2023-10-17 01:13:34.366
Toyota,vios,2022,1,AT,460000000.0,2023-10-17 01:29:25.235
Toyota,vios,2022,1,AT,460000000.0,2023-10-17 01:29:25.235
Toyota,vios,2022,20000,AT,479000000.0,2023-10-17 03:13:30.990
Toyota,vios,2022,10000,AT,515000000.0,2023-10-17 03:31:17.934
Toyota,vios,2022,10000,AT,515000000.0,2023-10-17 03:31:17.934
Toyota,vios,2022,22000,AT,510000000.0,2023-10-17 04:00:03.700
Toyota,vios,2022,22000,AT,510000000.0,2023-10-17 04:00:03.700
Toyota,vios,2022,20700,MT,420000000.0,2023-10-17 06:25:13.891
Toyota,vios,2022,20700,MT,420000000.0,2023-10-17 06:25:13.891
Toyota,vios,2022,20700,MT,420000000.0,2023-10-17 06:25:13.891
Toyota,vios,2022,20700,MT,420000000.0,2023-10-17 06:25:13.891
Toyota,vios,2022,10000,AT,515000000.0,2023-10-17 07:17:40.815
Toyota,vios,2022,10000,AT,515000000.0,2023-10-17 07:17:40.815
Toyota,vios,2022,10000,AT,515000000.0,2023-10-17 07:17:40.815
Toyota,vios,2022,10000,AT,515000000.0,2023-10-17 07:17:40.815
Toyota,vios,2022,54000,AT,490000000.0,2023-10-17 08:50:26.850
Toyota,vios,2022,54000,AT,490000000.0,2023-10-17 08:50:26.850
Toyota,vios,2022,28000,AT,450000000.0,2023-10-17 09:43:55.000
Toyota,vios,2022,28000,AT,450000000.0,2023-10-17 09:43:55.000
Toyota,vios,2022,28000,AT,500000000.0,2023-10-18 00:55:17.045
Toyota,vios,2022,28000,AT,500000000.0,2023-10-18 00:55:17.045
Toyota,vios,2022,23000,MT,425000000.0,2023-10-18 02:24:03.000
Toyota,vios,2022,23000,MT,425000000.0,2023-10-18 02:24:03.000
Toyota,vios,2022,30700,AT,460000000.0,2023-10-18 02:42:30.819
Toyota,vios,2022,30700,AT,460000000.0,2023-10-18 02:42:30.819
Toyota,vios,2022,30700,AT,460000000.0,2023-10-18 02:42:30.819
Toyota,vios,2022,30700,AT,460000000.0,2023-10-18 02:42:30.819
Toyota,vios,2022,10000,AT,515000000.0,2023-10-18 03:31:19.361
Toyota,vios,2022,10000,AT,515000000.0,2023-10-18 03:31:19.361
Toyota,vios,2022,54000,AT,495000000.0,2023-10-18 04:17:02.434
Toyota,vios,2022,54000,AT,495000000.0,2023-10-18 04:17:02.434
Toyota,vios,2022,4200,AT,510000000.0,2023-10-18 07:30:07.447
Toyota,vios,2022,46000,AT,450000000.0,2023-10-18 08:38:27.000
Toyota,vios,2022,46000,AT,450000000.0,2023-10-18 08:38:27.000
Toyota,vios,2022,10000,AT,492000000.0,2023-10-18 10:14:31.436
Toyota,vios,2022,28000,AT,515000000.0,2023-10-18 10:28:12.284
Toyota,vios,2022,20000,AT,479000000.0,2023-10-18 10:34:21.642
Toyota,vios,2022,10000,AT,492000000.0,2023-10-18 11:14:30.633
Toyota,vios,2022,22000,AT,510000000.0,2023-10-18 11:15:01.142
Toyota,vios,2022,22000,AT,510000000.0,2023-10-18 11:15:01.142
Toyota,vios,2022,60000,MT,425000000.0,2023-10-18 11:22:36.419
Toyota,vios,2022,17000,MT,425000000.0,2023-10-18 12:06:05.340
Toyota,vios,2022,1,AT,460000000.0,2023-10-19 03:22:52.418
Toyota,vios,2022,10000,AT,515000000.0,2023-10-19 03:31:18.457
Toyota,vios,2022,10000,AT,515000000.0,2023-10-19 03:31:18.457
Toyota,vios,2022,13000,AT,505000000.0,2023-10-19 08:06:43.000
Toyota,vios,2022,13000,AT,505000000.0,2023-10-19 08:06:43.000
Toyota,vios,2022,16000,AT,495000000.0,2023-10-19 11:44:48.000
Toyota,vios,2022,14000,AT,460000000.0,2023-10-19 14:17:20.000
Toyota,vios,2022,15000,AT,510000000.0,2023-10-20 02:36:23.161
Toyota,vios,2022,15000,AT,510000000.0,2023-10-20 02:36:23.161
Toyota,vios,2022,20000,AT,479000000.0,2023-10-20 03:55:57.945
Toyota,vios,2022,20000,AT,479000000.0,2023-10-20 05:10:57.782
Toyota,vios,2022,17000,AT,509000000.0,2023-10-20 08:07:17.648
Toyota,vios,2022,17000,AT,509000000.0,2023-10-20 08:07:17.648
Toyota,vios,2022,17000,AT,509000000.0,2023-10-21 01:12:22.042
Toyota,vios,2022,15000,AT,498000000.0,2023-10-21 09:15:04.000
Toyota,vios,2022,15000,AT,498000000.0,2023-10-21 09:15:04.000
Toyota,vios,2022,10000,AT,492000000.0,2023-10-21 11:37:37.863
Toyota,vios,2022,10000,AT,492000000.0,2023-10-21 11:52:38.095
Toyota,vios,2022,28000,AT,515000000.0,2023-10-21 12:35:08.343
Toyota,vios,2022,17000,AT,465000000.0,2023-10-22 02:18:16.667
Toyota,vios,2022,15000,AT,498000000.0,2023-10-22 05:26:35.210
Toyota,vios,2022,15000,AT,498000000.0,2023-10-22 05:26:35.210
Toyota,vios,2022,14500,MT,430000000.0,2023-10-22 13:33:47.000
Toyota,vios,2022,14500,MT,430000000.0,2023-10-22 13:33:47.000
Toyota,vios,2022,14500,MT,430000000.0,2023-10-23 01:21:46.449
Toyota,vios,2022,14500,MT,430000000.0,2023-10-23 01:21:46.449
Toyota,vios,2022,54000,AT,490000000.0,2023-10-23 05:21:48.566
Toyota,vios,2022,54000,AT,490000000.0,2023-10-23 05:21:48.566
Toyota,vios,2022,43163,MT,450000000.0,2023-10-23 06:39:58.263
Toyota,vios,2022,43163,MT,450000000.0,2023-10-23 06:39:58.263
Toyota,vios,2022,46000,AT,450000000.0,2023-10-23 06:41:44.867
Toyota,vios,2022,46000,AT,450000000.0,2023-10-23 06:41:44.867
Toyota,vios,2022,18000,AT,495000000.0,2023-10-23 06:56:10.000
Toyota,vios,2022,6700,MT,430000000.0,2023-10-23 07:52:14.000
Toyota,vios,2022,54000,AT,490000000.0,2023-10-24 01:03:09.486
Toyota,vios,2022,54000,AT,490000000.0,2023-10-24 01:03:09.486
Toyota,vios,2022,22000,AT,510000000.0,2023-10-24 04:02:05.609
Toyota,vios,2022,22000,AT,510000000.0,2023-10-24 04:02:05.609
Toyota,vios,2022,23000,MT,425000000.0,2023-10-24 07:48:29.314
Toyota,vios,2022,23000,MT,425000000.0,2023-10-24 07:48:29.314
Toyota,vios,2022,20700,MT,420000000.0,2023-10-24 13:05:17.737
Toyota,vios,2022,20700,MT,420000000.0,2023-10-24 13:05:17.737
Toyota,vios,2022,4680,AT,485000000.0,2023-10-25 01:15:29.000
Toyota,vios,2022,15000,AT,498000000.0,2023-10-25 01:36:08.109
Toyota,vios,2022,15000,AT,498000000.0,2023-10-25 01:36:08.109
Toyota,vios,2022,13000,AT,495000000.0,2023-10-25 01:40:43.142
Toyota,vios,2022,13000,AT,495000000.0,2023-10-25 01:40:43.142
Toyota,vios,2022,28000,AT,500000000.0,2023-10-25 01:53:48.551
Toyota,vios,2022,28000,AT,500000000.0,2023-10-25 01:53:48.551
Toyota,vios,2022,15000,AT,505000000.0,2023-10-25 02:37:07.000
Toyota,vios,2022,15000,AT,505000000.0,2023-10-25 02:37:07.000
Toyota,vios,2022,46000,AT,480000000.0,2023-10-25 02:53:08.351
Toyota,vios,2022,46000,AT,480000000.0,2023-10-25 02:53:08.351
Toyota,vios,2022,10000,AT,515000000.0,2023-10-25 04:17:05.592
Toyota,vios,2022,10000,AT,515000000.0,2023-10-25 04:17:05.592
